data ; tMin ; tMin Estimada ; tMed ; tMed Estimada ; tMax ; tMax Estimada ; precipitacao ; precipitacao Estimada ; estiagem* ; estiagemAgricola* ; urMin ; urMin Estimada ; urMax ; urMax Estimada ; evapotranspiracaoPotencial ; radiacaoSolar ; velocidadeVento ; direcaoVento ; horarioVento ; pontoOrvalhoMinimo ; pontoOrvalhoMaximo ; pressaoAtmMinima ; pressaoAtmMaxima ; evapotranspiracaoReal* ; disponibilidadeAguaSolo*
01/10/2020;21,0;sim;29,0;sim;37,0;sim;0,0;sim;2;45;;não;;não;;;;;;;;;;;
30/09/2020;20,0;sim;28,5;sim;37,0;sim;0,0;sim;1;44;;não;;não;;;;;;;;;;;
29/09/2020;19,0;sim;28,0;sim;37,0;sim;2,07;sim;0;43;;não;;não;;;;;;;;;;;
28/09/2020;19,0;sim;27,5;sim;36,0;sim;3,26;sim;0;42;;não;;não;;;;;;;;;;;
27/09/2020;22,0;sim;29,0;sim;36,0;sim;0,0;sim;5;41;;não;;não;;;;;;;;;;;
26/09/2020;20,0;sim;27,5;sim;35,0;sim;0,0;sim;4;40;;não;;não;;;;;;;;;;;
25/09/2020;18,0;sim;24,5;sim;31,0;sim;0,0;sim;3;39;;não;;não;;;;;;;;;;;
24/09/2020;14,0;sim;22,0;sim;30,0;sim;0,0;sim;2;38;;não;;não;;;;;;;;;;;
23/09/2020;16,0;sim;20,0;sim;24,0;sim;0,0;sim;1;37;;não;;não;;;;;;;;;;;
22/09/2020;17,0;sim;19,0;sim;21,0;sim;9,2;sim;0;36;;não;;não;;;;;;;;;;;
21/09/2020;18,0;sim;20,5;sim;23,0;sim;0,03;sim;1;35;;não;;não;;;;;;;;;;;
20/09/2020;18,0;sim;22,5;sim;27,0;sim;5,21;sim;0;34;;não;;não;;;;;;;;;;;
19/09/2020;19,0;sim;27,0;sim;35,0;sim;0,04;sim;29;33;;não;;não;;;;;;;;;;;
18/09/2020;18,0;sim;27,0;sim;36,0;sim;0,05;sim;28;32;;não;;não;;;;;;;;;;;
17/09/2020;18,0;sim;26,0;sim;34,0;sim;0,0;sim;27;31;;não;;não;;;;;;;;;;;
16/09/2020;16,0;sim;25,0;sim;34,0;sim;0,0;sim;26;30;;não;;não;;;;;;;;;;;
15/09/2020;19,0;sim;25,5;sim;32,0;sim;0,0;sim;25;29;;não;;não;;;;;;;;;;;
14/09/2020;17,0;sim;26,0;sim;35,0;sim;0,0;sim;24;28;;não;;não;;;;;;;;;;;
13/09/2020;19,0;sim;27,0;sim;35,0;sim;0,0;sim;23;27;;não;;não;;;;;;;;;;;
12/09/2020;18,0;sim;27,0;sim;36,0;sim;0,0;sim;22;26;;não;;não;;;;;;;;;;;
11/09/2020;17,0;sim;26,0;sim;35,0;sim;0,0;sim;21;25;;não;;não;;;;;;;;;;;
10/09/2020;17,0;sim;25,5;sim;34,0;sim;0,0;sim;20;24;;não;;não;;;;;;;;;;;
09/09/2020;17,0;sim;25,5;sim;34,0;sim;0,0;sim;19;23;;não;;não;;;;;;;;;;;
08/09/2020;18,0;sim;25,5;sim;33,0;sim;0,0;sim;18;22;;não;;não;;;;;;;;;;;
07/09/2020;19,0;sim;26,0;sim;33,0;sim;0,0;sim;17;21;;não;;não;;;;;;;;;;;
06/09/2020;18,0;sim;25,5;sim;33,0;sim;0,0;sim;16;20;;não;;não;;;;;;;;;;;
05/09/2020;16,0;sim;24,0;sim;32,0;sim;0,0;sim;15;19;;não;;não;;;;;;;;;;;
04/09/2020;16,0;sim;24,0;sim;32,0;sim;0,0;sim;14;18;;não;;não;;;;;;;;;;;
03/09/2020;17,0;sim;23,5;sim;30,0;sim;0,0;sim;13;17;;não;;não;;;;;;;;;;;
02/09/2020;15,0;sim;22,5;sim;30,0;sim;0,0;sim;12;16;;não;;não;;;;;;;;;;;
01/09/2020;16,0;sim;23,5;sim;31,0;sim;0,0;sim;11;15;;não;;não;;;;;;;;;;;
31/08/2020;17,0;sim;24,5;sim;32,0;sim;0,0;sim;10;14;;não;;não;;;;;;;;;;;
30/08/2020;14,0;sim;23,0;sim;32,0;sim;0,0;sim;9;13;;não;;não;;;;;;;;;;;
29/08/2020;14,0;sim;22,0;sim;30,0;sim;0,0;sim;8;12;;não;;não;;;;;;;;;;;
28/08/2020;14,0;sim;22,0;sim;30,0;sim;0,0;sim;7;11;;não;;não;;;;;;;;;;;
27/08/2020;12,0;sim;19,5;sim;27,0;sim;0,0;sim;6;10;;não;;não;;;;;;;;;;;
26/08/2020;9,0;sim;17,0;sim;25,0;sim;0,03;sim;5;9;;não;;não;;;;;;;;;;;
25/08/2020;9,0;sim;17,0;sim;25,0;sim;0,0;sim;4;8;;não;;não;;;;;;;;;;;
24/08/2020;9,0;sim;16,5;sim;24,0;sim;0,01;sim;3;7;;não;;não;;;;;;;;;;;
23/08/2020;6,0;sim;13,5;sim;21,0;sim;0,0;sim;2;6;;não;;não;;;;;;;;;;;
22/08/2020;8,0;sim;12,0;sim;16,0;sim;0,0;sim;1;5;;não;;não;;;;;;;;;;;
21/08/2020;13,0;sim;14,0;sim;15,0;sim;4,03;sim;0;4;;não;;não;;;;;;;;;;;
20/08/2020;16,0;sim;19,5;sim;23,0;sim;0,0;sim;2;3;;não;;não;;;;;;;;;;;
19/08/2020;22,0;sim;26,5;sim;31,0;sim;0,02;sim;1;2;;não;;não;;;;;;;;;;;
18/08/2020;18,0;sim;23,5;sim;29,0;sim;1,65;sim;0;1;;não;;não;;;;;;;;;;;
17/08/2020;18,0;sim;21,5;sim;25,0;sim;28,92;sim;0;0;;não;;não;;;;;;;;;;;
16/08/2020;19,0;sim;24,5;sim;30,0;sim;0,3;sim;31;50;;não;;não;;;;;;;;;;;
15/08/2020;19,0;sim;25,0;sim;31,0;sim;0,29;sim;30;49;;não;;não;;;;;;;;;;;
14/08/2020;19,0;sim;25,0;sim;31,0;sim;0,28;sim;29;48;;não;;não;;;;;;;;;;;
13/08/2020;15,0;sim;22,0;sim;29,0;sim;0,25;sim;28;47;;não;;não;;;;;;;;;;;
12/08/2020;13,0;sim;21,0;sim;29,0;sim;0,2;sim;27;46;;não;;não;;;;;;;;;;;
11/08/2020;11,0;sim;19,5;sim;28,0;sim;0,0;sim;26;45;;não;;não;;;;;;;;;;;
10/08/2020;14,0;sim;21,0;sim;28,0;sim;0,0;sim;25;44;;não;;não;;;;;;;;;;;
09/08/2020;13,0;sim;19,0;sim;25,0;sim;0,0;sim;24;43;;não;;não;;;;;;;;;;;
08/08/2020;12,0;sim;19,0;sim;26,0;sim;0,0;sim;23;42;;não;;não;;;;;;;;;;;
07/08/2020;14,0;sim;20,5;sim;27,0;sim;0,0;sim;22;41;;não;;não;;;;;;;;;;;
06/08/2020;11,0;sim;18,5;sim;26,0;sim;0,0;sim;21;40;;não;;não;;;;;;;;;;;
05/08/2020;12,0;sim;18,5;sim;25,0;sim;0,0;sim;20;39;;não;;não;;;;;;;;;;;
04/08/2020;12,0;sim;19,0;sim;26,0;sim;0,0;sim;19;38;;não;;não;;;;;;;;;;;
03/08/2020;10,0;sim;18,0;sim;26,0;sim;0,0;sim;18;37;;não;;não;;;;;;;;;;;
02/08/2020;14,0;sim;20,5;sim;27,0;sim;0,0;sim;17;36;;não;;não;;;;;;;;;;;
01/08/2020;15,0;sim;21,0;sim;27,0;sim;0,0;sim;16;35;;não;;não;;;;;;;;;;;
31/07/2020;13,0;sim;18,5;sim;24,0;sim;0,0;sim;15;34;;não;;não;;;;;;;;;;;
30/07/2020;14,0;sim;18,5;sim;23,0;sim;0,0;sim;14;33;;não;;não;;;;;;;;;;;
29/07/2020;14,0;sim;21,0;sim;28,0;sim;0,0;sim;13;32;;não;;não;;;;;;;;;;;
28/07/2020;15,0;sim;21,5;sim;28,0;sim;0,0;sim;12;31;;não;;não;;;;;;;;;;;
27/07/2020;14,0;sim;20,5;sim;27,0;sim;0,0;sim;11;30;;não;;não;;;;;;;;;;;
26/07/2020;16,0;sim;21,5;sim;27,0;sim;0,0;sim;10;29;;não;;não;;;;;;;;;;;
25/07/2020;14,0;sim;20,5;sim;27,0;sim;0,0;sim;9;28;;não;;não;;;;;;;;;;;
24/07/2020;13,0;sim;20,5;sim;28,0;sim;0,0;sim;8;27;;não;;não;;;;;;;;;;;
23/07/2020;14,0;sim;20,5;sim;27,0;sim;0,09;sim;7;26;;não;;não;;;;;;;;;;;
22/07/2020;13,0;sim;20,0;sim;27,0;sim;0,0;sim;6;25;;não;;não;;;;;;;;;;;
21/07/2020;12,0;sim;19,5;sim;27,0;sim;0,0;sim;5;24;;não;;não;;;;;;;;;;;
20/07/2020;13,0;sim;19,5;sim;26,0;sim;0,0;sim;4;23;;não;;não;;;;;;;;;;;
19/07/2020;14,0;sim;20,0;sim;26,0;sim;0,0;sim;3;22;;não;;não;;;;;;;;;;;
18/07/2020;17,0;sim;22,5;sim;28,0;sim;0,0;sim;2;21;;não;;não;;;;;;;;;;;
17/07/2020;15,0;sim;21,0;sim;27,0;sim;0,0;sim;1;20;;não;;não;;;;;;;;;;;
16/07/2020;13,0;sim;19,0;sim;25,0;sim;2,57;sim;0;19;;não;;não;;;;;;;;;;;
15/07/2020;13,0;sim;20,0;sim;27,0;sim;0,0;sim;18;18;;não;;não;;;;;;;;;;;
14/07/2020;15,0;sim;20,5;sim;26,0;sim;0,0;sim;17;17;;não;;não;;;;;;;;;;;
13/07/2020;13,0;sim;20,0;sim;27,0;sim;0,0;sim;16;16;;não;;não;;;;;;;;;;;
12/07/2020;16,0;sim;21,5;sim;27,0;sim;0,07;sim;15;15;;não;;não;;;;;;;;;;;
11/07/2020;13,0;sim;19,5;sim;26,0;sim;0,0;sim;14;14;;não;;não;;;;;;;;;;;
10/07/2020;14,0;sim;20,0;sim;26,0;sim;0,0;sim;13;13;;não;;não;;;;;;;;;;;
09/07/2020;17,0;sim;20,0;sim;23,0;sim;0,57;sim;12;12;;não;;não;;;;;;;;;;;
08/07/2020;15,0;sim;20,5;sim;26,0;sim;0,0;sim;11;11;;não;;não;;;;;;;;;;;
07/07/2020;14,0;sim;21,0;sim;28,0;sim;0,01;sim;10;10;;não;;não;;;;;;;;;;;
06/07/2020;13,0;sim;20,5;sim;28,0;sim;0,0;sim;9;9;;não;;não;;;;;;;;;;;
05/07/2020;14,0;sim;19,5;sim;25,0;sim;0,0;sim;8;8;;não;;não;;;;;;;;;;;
04/07/2020;10,0;sim;16,5;sim;23,0;sim;0,0;sim;7;7;;não;;não;;;;;;;;;;;
03/07/2020;5,0;sim;13,0;sim;21,0;sim;0,0;sim;6;6;;não;;não;;;;;;;;;;;
02/07/2020;7,0;sim;12,5;sim;18,0;sim;0,0;sim;5;5;;não;;não;;;;;;;;;;;
01/07/2020;12,0;sim;16,0;sim;20,0;sim;0,46;sim;4;4;;não;;não;;;;;;;;;;;
30/06/2020;16,0;sim;19,5;sim;23,0;sim;0,0;sim;3;3;;não;;não;;;;;;;;;;;
29/06/2020;12,0;sim;18,0;sim;24,0;sim;0,0;sim;2;2;;não;;não;;;;;;;;;;;
28/06/2020;13,0;sim;17,0;sim;21,0;sim;0,0;sim;1;1;;não;;não;;;;;;;;;;;
27/06/2020;14,0;sim;19,5;sim;25,0;sim;10,42;sim;0;0;;não;;não;;;;;;;;;;;
26/06/2020;16,0;sim;20,5;sim;25,0;sim;2,74;sim;0;19;;não;;não;;;;;;;;;;;
25/06/2020;13,0;sim;19,5;sim;26,0;sim;0,0;sim;18;18;;não;;não;;;;;;;;;;;
24/06/2020;13,0;sim;19,5;sim;26,0;sim;0,0;sim;17;17;;não;;não;;;;;;;;;;;
23/06/2020;12,0;sim;20,0;sim;28,0;sim;0,0;sim;16;16;;não;;não;;;;;;;;;;;
22/06/2020;13,0;sim;19,5;sim;26,0;sim;0,0;sim;15;15;;não;;não;;;;;;;;;;;
21/06/2020;13,0;sim;19,0;sim;25,0;sim;0,0;sim;14;14;;não;;não;;;;;;;;;;;
20/06/2020;11,0;sim;18,0;sim;25,0;sim;0,0;sim;13;13;;não;;não;;;;;;;;;;;
19/06/2020;15,0;sim;19,5;sim;24,0;sim;0,0;sim;12;12;;não;;não;;;;;;;;;;;
18/06/2020;15,0;sim;19,0;sim;23,0;sim;0,0;sim;11;11;;não;;não;;;;;;;;;;;
17/06/2020;15,0;sim;20,0;sim;25,0;sim;0,0;sim;10;10;;não;;não;;;;;;;;;;;
16/06/2020;14,0;sim;19,5;sim;25,0;sim;0,0;sim;9;9;;não;;não;;;;;;;;;;;
15/06/2020;15,0;sim;20,0;sim;25,0;sim;0,0;sim;8;8;;não;;não;;;;;;;;;;;
14/06/2020;17,0;sim;21,5;sim;26,0;sim;0,0;sim;7;7;;não;;não;;;;;;;;;;;
13/06/2020;18,0;sim;23,0;sim;28,0;sim;0,0;sim;6;6;;não;;não;;;;;;;;;;;
12/06/2020;18,0;sim;23,0;sim;28,0;sim;0,0;sim;5;5;;não;;não;;;;;;;;;;;
11/06/2020;17,0;sim;22,5;sim;28,0;sim;0,75;sim;4;4;;não;;não;;;;;;;;;;;
10/06/2020;18,0;sim;23,0;sim;28,0;sim;0,1;sim;3;3;;não;;não;;;;;;;;;;;
09/06/2020;16,0;sim;21,5;sim;27,0;sim;0,68;sim;2;2;;não;;não;;;;;;;;;;;
08/06/2020;16,0;sim;21,0;sim;26,0;sim;0,0;sim;1;1;;não;;não;;;;;;;;;;;
07/06/2020;18,0;sim;20,5;sim;23,0;sim;19,52;sim;0;0;;não;;não;;;;;;;;;;;
06/06/2020;17,0;sim;21,0;sim;25,0;sim;0,02;sim;2;14;;não;;não;;;;;;;;;;;
05/06/2020;17,0;sim;21,5;sim;26,0;sim;0,13;sim;1;13;;não;;não;;;;;;;;;;;
04/06/2020;15,0;sim;20,0;sim;25,0;sim;4,0;sim;0;12;;não;;não;;;;;;;;;;;
03/06/2020;13,0;sim;19,0;sim;25,0;sim;0,1;sim;1;11;;não;;não;;;;;;;;;;;
02/06/2020;10,0;sim;18,0;sim;26,0;sim;1,45;sim;0;10;;não;;não;;;;;;;;;;;
01/06/2020;9,0;sim;16,5;sim;24,0;sim;0,0;sim;9;9;;não;;não;;;;;;;;;;;
31/05/2020;10,0;sim;17,5;sim;25,0;sim;0,0;sim;8;8;;não;;não;;;;;;;;;;;
30/05/2020;13,0;sim;19,0;sim;25,0;sim;0,0;sim;7;7;;não;;não;;;;;;;;;;;
29/05/2020;12,0;sim;18,0;sim;24,0;sim;0,0;sim;6;6;;não;;não;;;;;;;;;;;
28/05/2020;6,0;sim;14,5;sim;23,0;sim;0,0;sim;5;5;;não;;não;;;;;;;;;;;
27/05/2020;6,0;sim;14,0;sim;22,0;sim;0,0;sim;4;4;;não;;não;;;;;;;;;;;
26/05/2020;8,0;sim;13,5;sim;19,0;sim;0,0;sim;3;3;;não;;não;;;;;;;;;;;
25/05/2020;7,0;sim;13,5;sim;20,0;sim;0,0;sim;2;2;;não;;não;;;;;;;;;;;
24/05/2020;10,0;sim;14,0;sim;18,0;sim;0,26;sim;1;1;;não;;não;;;;;;;;;;;
23/05/2020;16,0;sim;19,0;sim;22,0;sim;34,06;sim;0;0;;não;;não;;;;;;;;;;;
22/05/2020;16,0;sim;17,5;sim;19,0;sim;0,0;sim;9;54;;não;;não;;;;;;;;;;;
21/05/2020;16,0;sim;21,0;sim;26,0;sim;0,0;sim;8;53;;não;;não;;;;;;;;;;;
20/05/2020;18,0;sim;23,0;sim;28,0;sim;0,0;sim;7;52;;não;;não;;;;;;;;;;;
19/05/2020;14,0;sim;20,0;sim;26,0;sim;0,0;sim;6;51;;não;;não;;;;;;;;;;;
18/05/2020;12,0;sim;19,0;sim;26,0;sim;0,0;sim;5;50;;não;;não;;;;;;;;;;;
17/05/2020;15,0;sim;19,5;sim;24,0;sim;0,0;sim;4;49;;não;;não;;;;;;;;;;;
16/05/2020;14,0;sim;19,0;sim;24,0;sim;0,0;sim;3;48;;não;;não;;;;;;;;;;;
15/05/2020;16,0;sim;19,5;sim;23,0;sim;0,11;sim;2;47;;não;;não;;;;;;;;;;;
14/05/2020;16,0;sim;19,5;sim;23,0;sim;0,09;sim;1;46;;não;;não;;;;;;;;;;;
13/05/2020;12,0;sim;19,0;sim;26,0;sim;2,14;sim;0;45;;não;;não;;;;;;;;;;;
12/05/2020;14,0;sim;19,5;sim;25,0;sim;0,0;sim;6;44;;não;;não;;;;;;;;;;;
11/05/2020;12,0;sim;17,5;sim;23,0;sim;0,0;sim;5;43;;não;;não;;;;;;;;;;;
10/05/2020;11,0;sim;17,5;sim;24,0;sim;0,0;sim;4;42;;não;;não;;;;;;;;;;;
09/05/2020;15,0;sim;20,0;sim;25,0;sim;0,0;sim;3;41;;não;;não;;;;;;;;;;;
08/05/2020;10,0;sim;16,0;sim;22,0;sim;0,0;sim;2;40;;não;;não;;;;;;;;;;;
07/05/2020;12,0;sim;15,5;sim;19,0;sim;0,01;sim;1;39;;não;;não;;;;;;;;;;;
06/05/2020;4,0;sim;13,5;sim;23,0;sim;1,08;sim;0;38;;não;;não;;;;;;;;;;;
05/05/2020;12,0;sim;18,5;sim;25,0;sim;0,16;sim;21;37;;não;;não;;;;;;;;;;;
04/05/2020;13,0;sim;19,0;sim;25,0;sim;0,0;sim;20;36;;não;;não;;;;;;;;;;;
03/05/2020;16,0;sim;19,5;sim;23,0;sim;0,0;sim;19;35;;não;;não;;;;;;;;;;;
02/05/2020;13,0;sim;19,5;sim;26,0;sim;0,0;sim;18;34;;não;;não;;;;;;;;;;;
01/05/2020;14,0;sim;20,5;sim;27,0;sim;0,0;sim;17;33;;não;;não;;;;;;;;;;;
30/04/2020;12,0;sim;18,5;sim;25,0;sim;0,01;sim;16;32;;não;;não;;;;;;;;;;;
29/04/2020;15,0;sim;20,5;sim;26,0;sim;0,0;sim;15;31;;não;;não;;;;;;;;;;;
28/04/2020;15,0;sim;21,0;sim;27,0;sim;0,0;sim;14;30;;não;;não;;;;;;;;;;;
27/04/2020;15,0;sim;21,5;sim;28,0;sim;0,0;sim;13;29;;não;;não;;;;;;;;;;;
26/04/2020;16,0;sim;22,0;sim;28,0;sim;0,0;sim;12;28;;não;;não;;;;;;;;;;;
25/04/2020;19,0;sim;24,5;sim;30,0;sim;0,0;sim;11;27;;não;;não;;;;;;;;;;;
24/04/2020;13,0;sim;20,5;sim;28,0;sim;0,0;sim;10;26;;não;;não;;;;;;;;;;;
23/04/2020;16,0;sim;22,0;sim;28,0;sim;0,0;sim;9;25;;não;;não;;;;;;;;;;;
22/04/2020;16,0;sim;21,0;sim;26,0;sim;0,0;sim;8;24;;não;;não;;;;;;;;;;;
21/04/2020;16,0;sim;21,5;sim;27,0;sim;0,0;sim;7;23;;não;;não;;;;;;;;;;;
20/04/2020;15,0;sim;20,5;sim;26,0;sim;0,0;sim;6;22;;não;;não;;;;;;;;;;;
19/04/2020;17,0;sim;22,5;sim;28,0;sim;0,0;sim;5;21;;não;;não;;;;;;;;;;;
18/04/2020;15,0;sim;21,0;sim;27,0;sim;0,0;sim;4;20;;não;;não;;;;;;;;;;;
17/04/2020;17,0;sim;22,0;sim;27,0;sim;0,0;sim;3;19;;não;;não;;;;;;;;;;;
16/04/2020;14,0;sim;19,5;sim;25,0;sim;0,0;sim;2;18;;não;;não;;;;;;;;;;;
15/04/2020;18,0;sim;21,5;sim;25,0;sim;0,25;sim;1;17;;não;;não;;;;;;;;;;;
14/04/2020;16,0;sim;20,0;sim;24,0;sim;8,62;sim;0;16;;não;;não;;;;;;;;;;;
13/04/2020;15,0;sim;21,5;sim;28,0;sim;0,0;sim;6;15;;não;;não;;;;;;;;;;;
12/04/2020;16,0;sim;22,5;sim;29,0;sim;0,0;sim;5;14;;não;;não;;;;;;;;;;;
11/04/2020;14,0;sim;20,5;sim;27,0;sim;0,18;sim;4;13;;não;;não;;;;;;;;;;;
10/04/2020;13,0;sim;21,0;sim;29,0;sim;0,42;sim;3;12;;não;;não;;;;;;;;;;;
09/04/2020;15,0;sim;21,0;sim;27,0;sim;0,0;sim;2;11;;não;;não;;;;;;;;;;;
08/04/2020;18,0;sim;21,0;sim;24,0;sim;0,0;sim;1;10;;não;;não;;;;;;;;;;;
07/04/2020;20,0;sim;23,5;sim;27,0;sim;5,93;sim;0;9;;não;;não;;;;;;;;;;;
06/04/2020;17,0;sim;22,5;sim;28,0;sim;0,0;sim;7;8;;não;;não;;;;;;;;;;;
05/04/2020;16,0;sim;22,0;sim;28,0;sim;0,0;sim;6;7;;não;;não;;;;;;;;;;;
04/04/2020;14,0;sim;20,5;sim;27,0;sim;0,0;sim;5;6;;não;;não;;;;;;;;;;;
03/04/2020;20,0;sim;23,5;sim;27,0;sim;0,0;sim;4;5;;não;;não;;;;;;;;;;;
02/04/2020;20,0;sim;24,0;sim;28,0;sim;0,0;sim;3;4;;não;;não;;;;;;;;;;;
01/04/2020;19,0;sim;24,5;sim;30,0;sim;0,04;sim;2;3;;não;;não;;;;;;;;;;;
31/03/2020;19,0;sim;24,0;sim;29,0;sim;0,0;sim;1;2;;não;;não;;;;;;;;;;;
30/03/2020;20,0;sim;24,0;sim;28,0;sim;2,57;sim;0;1;;não;;não;;;;;;;;;;;
29/03/2020;20,0;sim;23,0;sim;26,0;sim;40,93;sim;0;0;;não;;não;;;;;;;;;;;
28/03/2020;16,0;sim;22,0;sim;28,0;sim;0,09;sim;7;31;;não;;não;;;;;;;;;;;
27/03/2020;15,0;sim;21,0;sim;27,0;sim;0,0;sim;6;30;;não;;não;;;;;;;;;;;
26/03/2020;16,0;sim;22,5;sim;29,0;sim;0,0;sim;5;29;;não;;não;;;;;;;;;;;
25/03/2020;14,0;sim;20,5;sim;27,0;sim;0,0;sim;4;28;;não;;não;;;;;;;;;;;
24/03/2020;15,0;sim;21,0;sim;27,0;sim;0,0;sim;3;27;;não;;não;;;;;;;;;;;
23/03/2020;16,0;sim;22,0;sim;28,0;sim;0,0;sim;2;26;73,0;não;;não;;;;;;;;0,0;;;
22/03/2020;19,0;sim;23,5;sim;28,0;sim;0,0;sim;1;25;;não;;não;;;;;;;;;;;
21/03/2020;16,0;sim;22,5;sim;29,0;sim;2,29;sim;0;24;90,0;não;;não;;;;;;;83,0;;;;
20/03/2020;22,0;sim;24,5;sim;27,0;sim;5,11;sim;0;23;98,0;não;;não;;;;;;;91,0;;1,0;;
19/03/2020;21,0;sim;25,5;sim;30,0;sim;2,83;sim;0;22;84,0;não;19,0;não;;;;;;1,0;;;;;
18/03/2020;19,0;sim;24,5;sim;30,0;sim;8,48;sim;0;21;73,0;não;;não;;;;;;;;0,0;;;
17/03/2020;21,0;sim;26,0;sim;31,0;sim;4,95;sim;0;20;77,0;não;;não;;;;;;;;0,0;;;
16/03/2020;22,0;sim;25,5;sim;29,0;sim;1,95;sim;0;19;77,0;não;;não;;;;;;;;0,0;;;
15/03/2020;20,0;sim;26,0;sim;32,0;sim;0,45;sim;7;18;;não;;não;;;;;;;;;;;
14/03/2020;18,0;sim;25,0;sim;32,0;sim;0,0;sim;6;17;71,0;não;;não;;;;;;;75,0;0,0;0,0;;
13/03/2020;19,0;sim;25,5;sim;32,0;sim;0,0;sim;5;16;70,0;não;;não;;;;;;;;0,0;;;
12/03/2020;19,0;sim;25,0;sim;31,0;sim;0,0;sim;4;15;66,0;não;;não;;;;;;;;0,0;;;
11/03/2020;18,0;sim;23,5;sim;29,0;sim;0,0;sim;3;14;90,0;não;;não;;;;;;;;0,0;;;
10/03/2020;18,0;sim;23,5;sim;29,0;sim;0,0;sim;2;13;73,0;não;;não;;;;;;;;0,0;;;
09/03/2020;17,0;sim;22,0;sim;27,0;sim;0,0;sim;1;12;71,0;não;;não;;;;;;;;0,0;;;
08/03/2020;17,0;sim;19,0;sim;21,0;sim;1,73;sim;0;11;;não;;não;;;;;;;;;;;
07/03/2020;16,0;sim;22,5;sim;29,0;sim;0,0;sim;9;10;72,0;não;;não;;;;;;1,0;67,0;0,0;1,0;;
06/03/2020;16,0;sim;22,0;sim;28,0;sim;0,0;sim;8;9;71,0;não;;não;;;;;;1,0;;0,0;;;
05/03/2020;19,0;sim;23,5;sim;28,0;sim;0,0;sim;7;8;70,0;não;;não;;;;;;1,0;;0,0;;;
04/03/2020;17,0;sim;23,0;sim;29,0;sim;0,0;sim;6;7;76,0;não;;não;;;;;;1,0;;0,0;;;
03/03/2020;18,0;sim;22,5;sim;27,0;sim;0,0;sim;5;6;78,0;não;;não;;;;;;1,0;;0,0;;;
02/03/2020;19,0;sim;22,0;sim;25,0;sim;0,1;sim;4;5;82,0;não;;não;;;;;;;;0,0;;;
01/03/2020;16,0;sim;21,5;sim;27,0;sim;0,69;sim;3;4;;não;;não;;;;;;;;;;;
29/02/2020;17,0;sim;21,0;sim;25,0;sim;0,0;sim;2;3;88,0;não;;não;;;;;;1,0;87,0;;;;
28/02/2020;17,0;sim;22,0;sim;27,0;sim;0,63;sim;1;2;88,0;não;;não;;;0,0;;08:00:00;1,0;95,0;0,0;;;
27/02/2020;18,0;sim;21,0;sim;24,0;sim;4,23;sim;0;1;94,0;não;;não;;;;;;;;;;;
26/02/2020;21,0;sim;24,0;sim;27,0;sim;41,34;sim;0;0;56,0;não;;não;;;;;;1,0;;;;;
25/02/2020;20,0;sim;23,5;sim;27,0;sim;3,03;sim;0;4;90,0;não;;não;;;;;;1,0;97,0;;1,0;;
24/02/2020;18,0;sim;21,5;sim;25,0;sim;0,19;sim;1;3;83,0;não;;não;;;;;;;91,0;0,0;;;
23/02/2020;18,0;sim;21,5;sim;25,0;sim;1,22;sim;0;2;;não;;não;;;;;;;;;;;
22/02/2020;20,0;sim;23,0;sim;26,0;sim;0,0;sim;1;1;87,0;não;;não;;;;;;1,0;86,0;;;;
21/02/2020;21,0;sim;24,0;sim;27,0;sim;13,72;sim;0;0;96,0;não;;não;;;0,0;;;1,0;97,0;72,0;1,0;;
20/02/2020;22,0;sim;26,0;sim;30,0;sim;8,07;sim;0;9;78,0;não;;não;;;;;;1,0;;;;;
19/02/2020;22,0;sim;26,5;sim;31,0;sim;6,26;sim;0;8;87,0;não;;não;;;;;;1,0;;;;;
18/02/2020;21,0;sim;26,5;sim;32,0;sim;1,68;sim;0;7;84,0;não;;não;;;;;;1,0;;;;;
17/02/2020;21,0;sim;25,5;sim;30,0;sim;0,0;sim;6;6;78,0;não;;não;;;;;;1,0;;0,0;;;
16/02/2020;22,0;sim;23,0;sim;24,0;sim;0,0;sim;5;5;;não;;não;;;;;;;;;;;
15/02/2020;19,0;sim;24,5;sim;30,0;sim;0,0;sim;4;4;74,0;não;;não;;;;;;1,0;84,0;0,0;1,0;;
14/02/2020;18,0;sim;24,0;sim;30,0;sim;0,0;sim;3;3;80,0;não;;não;;;;;;;85,0;0,0;0,0;;
13/02/2020;17,0;sim;22,0;sim;27,0;sim;0,0;sim;2;2;88,0;não;;não;;;;;;1,0;;0,0;;;
12/02/2020;17,0;sim;20,0;sim;23,0;sim;0,13;sim;1;1;89,0;não;;não;;;;;;1,0;;;;;
11/02/2020;19,0;sim;21,5;sim;24,0;sim;14,56;sim;0;0;96,0;não;;não;;;;;;1,0;;;;;
10/02/2020;20,0;sim;21,5;sim;23,0;sim;12,15;sim;0;0;97,0;não;;não;;;;;;;;0,0;;;
09/02/2020;18,0;sim;22,5;sim;27,0;sim;1,24;sim;0;2;;não;;não;;;;;;;;;;;
08/02/2020;18,0;sim;22,5;sim;27,0;sim;0,0;sim;1;1;81,0;não;;não;;;;;;;84,0;;1,0;;
07/02/2020;20,0;sim;25,0;sim;30,0;sim;10,24;sim;0;0;90,0;não;;não;;;;;;;;;;;
06/02/2020;21,0;sim;24,5;sim;28,0;sim;9,37;sim;0;5;88,0;não;20,0;não;;;;;;1,0;;;;;
05/02/2020;20,0;sim;24,0;sim;28,0;sim;3,91;sim;0;4;93,0;não;;não;;;;;;1,0;;;;;
04/02/2020;20,0;sim;24,0;sim;28,0;sim;5,98;sim;0;3;84,0;não;;não;;;;;;;;;;;
03/02/2020;22,0;sim;24,0;sim;26,0;sim;3,5;sim;0;2;83,0;não;;não;;;;;;1,0;;0,0;;;
02/02/2020;18,0;sim;22,0;sim;26,0;sim;1,12;sim;0;1;;não;;não;;;;;;;;;;;
01/02/2020;22,0;sim;24,5;sim;27,0;sim;20,1;sim;0;0;88,0;não;;não;;;0,0;;;1,0;97,0;;1,0;;
31/01/2020;22,0;sim;25,0;sim;28,0;sim;4,82;sim;0;8;89,0;não;20,0;não;;;2,0;;;1,0;81,0;;0,0;;
30/01/2020;22,0;sim;25,0;sim;28,0;sim;8,85;sim;0;7;96,0;não;;não;;;;;;;;;;;
29/01/2020;19,0;sim;25,0;sim;31,0;sim;0,0;sim;5;6;99,0;não;;não;;;;;;1,0;;;;;
28/01/2020;18,0;sim;25,0;sim;32,0;sim;0,0;sim;4;5;63,0;não;;não;;;;;;;;0,0;;;
27/01/2020;17,0;sim;24,5;sim;32,0;sim;0,0;sim;3;4;47,0;não;;não;;;;;;1,0;;0,0;;;
26/01/2020;17,0;sim;23,5;sim;30,0;sim;0,0;sim;2;3;;não;;não;;;;;;;;;;;
25/01/2020;17,0;sim;22,0;sim;27,0;sim;0,0;sim;1;2;78,0;não;;não;;;;;;;80,0;0,0;1,0;;
24/01/2020;19,0;sim;23,5;sim;28,0;sim;1,88;sim;0;1;91,0;não;;não;;;;;;;83,0;;;;
23/01/2020;18,0;sim;23,5;sim;29,0;sim;22,26;sim;0;0;95,0;não;;não;;;;;;1,0;;;;;
22/01/2020;18,0;sim;23,0;sim;28,0;sim;3,86;sim;0;10;78,0;não;;não;;;;;;;;0,0;;;
21/01/2020;17,0;sim;23,5;sim;30,0;sim;0,0;sim;1;9;82,0;não;17,0;não;;;;;;;;;;;
20/01/2020;18,0;sim;23,5;sim;29,0;sim;1,53;sim;0;8;75,0;não;;não;;;;;;1,0;;0,0;;;
19/01/2020;20,0;sim;23,5;sim;27,0;sim;0,0;sim;2;7;;não;;não;;;;;;;;;;;
18/01/2020;19,0;sim;23,5;sim;28,0;sim;0,0;sim;1;6;76,0;não;;não;;;;;;;81,0;0,0;;;
17/01/2020;20,0;sim;22,5;sim;25,0;sim;1,27;sim;0;5;84,0;não;;não;;;;;;1,0;82,0;0,0;;;
16/01/2020;22,0;sim;25,5;sim;29,0;sim;0,75;sim;3;4;68,0;não;;não;;;;;;1,0;;0,0;;;
15/01/2020;21,0;sim;25,5;sim;30,0;sim;0,0;sim;2;3;76,0;não;;não;;;;;;1,0;;0,0;;;
14/01/2020;21,0;sim;25,5;sim;30,0;sim;0,6;sim;1;2;84,0;não;;não;;;;;;1,0;;0,0;;;
13/01/2020;20,0;sim;24,0;sim;28,0;sim;4,86;sim;0;1;80,0;não;;não;;;;;;1,0;;0,0;;;
12/01/2020;22,0;sim;25,5;sim;29,0;sim;27,27;sim;0;0;;não;;não;;;;;;;;;;;
11/01/2020;22,0;sim;25,0;sim;28,0;sim;3,38;sim;0;2;86,0;não;;não;;;;;;1,0;92,0;0,0;0,0;;
10/01/2020;22,0;sim;25,0;sim;28,0;sim;3,03;sim;0;1;89,0;não;20,0;não;;;;;;1,0;91,0;;1,0;;
09/01/2020;23,0;sim;25,5;sim;28,0;sim;14,78;sim;0;0;88,0;não;;não;;;;;;1,0;;10,0;;;
08/01/2020;22,0;sim;26,0;sim;30,0;sim;22,39;sim;0;0;90,0;não;;não;;;;;;1,0;;;;;
07/01/2020;21,0;sim;25,5;sim;30,0;sim;17,11;sim;0;0;77,0;não;;não;;;;;;;;;;;
06/01/2020;20,0;sim;24,0;sim;28,0;sim;0,65;sim;1;1;;não;;não;;;;;;;;0,0;;;
05/01/2020;19,0;sim;23,0;sim;27,0;sim;18,3;sim;0;0;;não;;não;;;;;;;;;;;
04/01/2020;18,0;sim;22,5;sim;27,0;sim;19,57;sim;0;0;;não;;não;;;;;;;;;;;
03/01/2020;19,0;sim;23,5;sim;28,0;sim;1,77;sim;0;1;;não;;não;;;;;;;;;;;
02/01/2020;21,0;sim;24,5;sim;28,0;sim;17,58;sim;0;0;;não;;não;;;;;;;;;;;
01/01/2020;21,0;sim;26,0;sim;31,0;sim;5,34;sim;0;9;;não;;não;;;;;;;;;;;
31/12/2019;23,0;sim;26,5;sim;30,0;sim;0,53;sim;3;8;;não;;não;;;;;;;;;;;
30/12/2019;21,0;sim;23,5;sim;26,0;sim;0,0;sim;2;7;;não;;não;;;;;;;;;;;
29/12/2019;21,0;sim;28,0;sim;35,0;sim;0,0;sim;1;6;;não;;não;;;;;;;;;;;
28/12/2019;20,0;sim;25,5;sim;31,0;sim;2,0;sim;0;5;;não;;não;;;;;;;;;;;
27/12/2019;19,0;sim;25,0;sim;31,0;sim;0,0;sim;3;4;;não;;não;;;;;;;;;;;
26/12/2019;20,0;sim;26,0;sim;32,0;sim;0,0;sim;2;3;;não;;não;;;;;;;;;;;
25/12/2019;19,0;sim;24,5;sim;30,0;sim;0,0;sim;1;2;;não;;não;;;;;;;;;;;
24/12/2019;19,0;sim;23,5;sim;28,0;sim;1,0;sim;0;1;;não;;não;;;;;;;;;;;
23/12/2019;19,0;sim;22,0;sim;25,0;sim;23,0;sim;0;0;;não;;não;;;;;;;;;;;
22/12/2019;20,0;sim;23,0;sim;26,0;sim;21,0;sim;0;0;;não;;não;;;;;;;;;;;
21/12/2019;21,0;sim;24,0;sim;27,0;sim;14,0;sim;0;0;;não;;não;;;;;;;;;;;
20/12/2019;20,0;sim;23,5;sim;27,0;sim;40,0;sim;0;0;;não;;não;;;;;;;;;;;
19/12/2019;20,0;sim;23,5;sim;27,0;sim;9,0;sim;0;1;;não;;não;;;;;;;;;;;
18/12/2019;19,0;sim;22,0;sim;25,0;sim;40,0;sim;0;0;;não;;não;;;;;;;;;;;
17/12/2019;21,0;sim;26,0;sim;31,0;sim;6,0;sim;0;3;;não;;não;;;;;;;;;;;
16/12/2019;20,0;sim;24,5;sim;29,0;sim;2,0;sim;0;2;;não;;não;;;;;;;;;;;
15/12/2019;21,0;sim;24,5;sim;28,0;sim;5,0;sim;0;1;;não;;não;;;;;;;;;;;
14/12/2019;20,0;sim;24,0;sim;28,0;sim;16,0;sim;0;0;79,0;não;;não;;;;;;1,0;77,0;;;;
13/12/2019;20,0;sim;24,0;sim;28,0;sim;25,0;sim;0;0;81,0;não;;não;;;;;;1,0;86,0;0,0;;;
12/12/2019;21,0;sim;23,5;sim;26,0;sim;14,0;sim;0;0;85,0;não;;não;;;;;;1,0;;;;;
11/12/2019;20,0;sim;22,5;sim;25,0;sim;30,0;sim;0;0;96,0;não;19,0;não;;;;;;1,0;;;;;
10/12/2019;20,0;sim;23,0;sim;26,0;sim;23,0;sim;0;0;91,0;não;;não;;;;;;1,0;;;;;
09/12/2019;21,0;sim;24,0;sim;27,0;sim;5,0;sim;0;3;75,0;não;;não;;;;;;;;0,0;;;
08/12/2019;19,0;sim;24,5;sim;30,0;sim;0,0;sim;2;2;;não;;não;;;;;;;;;;;
07/12/2019;20,0;sim;25,0;sim;30,0;sim;0,0;sim;1;1;64,0;não;;não;;;;;;;67,0;;1,0;;
06/12/2019;19,0;sim;22,0;sim;25,0;sim;32,0;sim;0;0;97,0;não;20,0;não;;;0,0;;;1,0;98,0;;0,0;;
05/12/2019;20,0;sim;23,5;sim;27,0;sim;16,0;sim;0;0;92,0;não;;não;;;;;;1,0;;;;;
04/12/2019;19,0;sim;23,5;sim;28,0;sim;3,0;sim;0;6;76,0;não;20,0;não;;;;;;1,0;;0,0;;;
03/12/2019;17,0;sim;22,5;sim;28,0;sim;0,0;sim;1;5;80,0;não;;não;;;;;;1,0;;0,0;;;
02/12/2019;19,0;sim;23,5;sim;28,0;sim;5,0;sim;0;4;73,0;não;;não;;;;;;;;0,0;;;
01/12/2019;21,0;sim;25,5;sim;30,0;sim;4,0;sim;0;3;;não;;não;;;;;;;;;;;
30/11/2019;20,0;sim;24,5;sim;29,0;sim;6,37;sim;0;2;86,0;não;;não;;;;;;;83,0;;1,0;;
29/11/2019;17,0;sim;21,5;sim;26,0;sim;5,0;sim;0;1;71,0;não;;não;;;;;;;;0,0;;;
28/11/2019;20,0;sim;22,5;sim;25,0;sim;26,0;sim;0;0;84,0;não;;não;;;;;;0,0;;;;;
27/11/2019;18,0;sim;24,0;sim;30,0;sim;15,0;sim;0;0;74,0;não;;não;;;;;;;;0,0;;;
26/11/2019;17,0;sim;23,0;sim;29,0;sim;1,0;sim;0;3;70,0;não;;não;;;;;;;;0,0;;;
25/11/2019;15,0;sim;21,5;sim;28,0;sim;0,0;sim;1;2;72,0;não;;não;;;;;;;;0,0;;;
24/11/2019;17,0;sim;20,0;sim;23,0;sim;1,0;sim;0;1;;não;;não;;;;;;;;;;;
23/11/2019;21,0;sim;25,0;sim;29,0;sim;24,0;sim;0;0;75,0;não;;não;;;;;;;87,0;;;;
22/11/2019;20,0;sim;25,0;sim;30,0;sim;21,0;sim;0;0;67,0;não;;não;;;;;;;;0,0;;;
21/11/2019;18,0;sim;24,0;sim;30,0;sim;12,0;sim;0;0;74,0;não;;não;;;;;;1,0;;;;;
20/11/2019;19,0;sim;25,0;sim;31,0;sim;7,0;sim;0;6;69,0;não;;não;;;;;;;;0,0;;;
19/11/2019;19,0;sim;25,5;sim;32,0;sim;3,0;sim;0;5;71,0;não;;não;;;;;;;74,0;0,0;;;
18/11/2019;16,0;sim;24,0;sim;32,0;sim;0,0;sim;3;4;76,0;não;;não;;;;;;;;0,0;;;
17/11/2019;15,0;sim;21,5;sim;28,0;sim;0,0;sim;2;3;;não;;não;;;;;;;;;;;
16/11/2019;17,0;sim;22,0;sim;27,0;sim;0,0;sim;1;2;;não;;não;;;;;;;;;;;
15/11/2019;20,0;sim;22,5;sim;25,0;sim;8,0;sim;0;1;;não;;não;;;;;;;;;;;
14/11/2019;22,0;sim;25,0;sim;28,0;sim;27,0;sim;0;0;88,0;não;;não;;;;;;;;16,0;;;
13/11/2019;19,0;sim;24,0;sim;29,0;sim;15,0;sim;0;0;68,0;não;;não;;;;;;;;0,0;;;
12/11/2019;20,0;sim;24,0;sim;28,0;sim;8,0;sim;0;3;76,0;não;;não;;;;;;;;0,0;;;
11/11/2019;23,0;sim;25,0;sim;27,0;sim;0,0;sim;1;2;75,0;não;;não;;;;;;;;0,0;;;
10/11/2019;22,0;sim;25,0;sim;28,0;sim;7,17;sim;0;1;;não;;não;;;;;;;;;;;
09/11/2019;22,0;sim;25,5;sim;29,0;sim;14,0;sim;0;0;;não;;não;;;;;;;;;;;
08/11/2019;21,0;sim;24,5;sim;28,0;sim;24,0;sim;0;0;84,0;não;;não;;;;;;;;0,0;;;
07/11/2019;20,0;sim;25,0;sim;30,0;sim;14,0;sim;0;0;72,0;não;;não;;;;;;;;0,0;;;
06/11/2019;22,0;sim;26,5;sim;31,0;sim;17,0;sim;0;0;88,0;não;;não;;;;;;;;;;;
05/11/2019;21,0;sim;28,0;sim;35,0;sim;6,0;sim;0;7;91,0;não;;não;;;;;;;;;;;
04/11/2019;21,0;sim;27,0;sim;33,0;sim;0,0;sim;1;6;63,0;não;;não;;;;;;1,0;;0,0;;;
03/11/2019;21,0;sim;27,0;sim;33,0;sim;3,0;sim;0;5;;não;;não;;;;;;;;;;;
02/11/2019;19,0;sim;26,5;sim;34,0;sim;1,0;sim;0;4;;não;;não;;;;;;;;;;;
01/11/2019;19,0;sim;26,0;sim;33,0;sim;2,0;sim;0;3;69,0;não;;não;;;;;;;;0,0;;;
31/10/2019;21,0;sim;26,0;sim;31,0;sim;3,0;sim;0;2;67,0;não;;não;;;;;;1,0;;1,0;;;
30/10/2019;21,0;sim;26,0;sim;31,0;sim;2,0;sim;0;1;72,0;não;;não;;;;;;1,0;;;;;
29/10/2019;22,0;sim;26,5;sim;31,0;sim;17,0;sim;0;0;76,0;não;;não;;;;;;1,0;;0,0;;;
28/10/2019;19,0;sim;26,0;sim;33,0;sim;6,0;sim;0;7;;não;;não;;;;;;;;;;;
27/10/2019;20,0;sim;26,5;sim;33,0;sim;2,0;sim;0;6;;não;;não;;;;;;;;;;;
26/10/2019;20,0;sim;26,5;sim;33,0;sim;1,0;sim;0;5;;não;;não;;;;;;;;;;;
25/10/2019;18,0;sim;25,0;sim;32,0;sim;3,0;sim;0;4;58,0;não;;não;;;;;;1,0;;0,0;;;
24/10/2019;16,0;sim;23,5;sim;31,0;sim;3,0;sim;0;3;78,0;não;;não;;;;;;;;0,0;;;
23/10/2019;18,0;sim;23,0;sim;28,0;sim;2,0;sim;0;2;58,0;não;;não;;;;;;1,0;;0,0;;;
22/10/2019;20,0;sim;24,5;sim;29,0;sim;7,0;sim;0;1;85,0;não;;não;;;;;;;;;;;
21/10/2019;17,0;sim;23,0;sim;29,0;sim;12,0;sim;0;0;87,0;não;;não;;;;;;;;0,0;;;
20/10/2019;19,0;sim;24,5;sim;30,0;sim;1,0;sim;0;1;;não;;não;;;;;;;;;;;
19/10/2019;21,0;sim;27,5;sim;34,0;sim;19,66;sim;0;0;;não;;não;;;;;;;;;;;
18/10/2019;21,0;sim;26,5;sim;32,0;sim;2,02;sim;0;46;69,0;não;;não;;;;;;1,0;;0,0;;;
17/10/2019;18,0;sim;25,5;sim;33,0;sim;0,0;sim;3;45;57,0;não;;não;;;;;;;;0,0;;;
16/10/2019;16,0;sim;25,5;sim;35,0;sim;0,0;sim;2;44;53,0;não;;não;;;;;;;;0,0;;;
15/10/2019;20,0;sim;26,5;sim;33,0;sim;0,03;sim;1;43;72,0;não;;não;;;;;;;;0,0;;;
14/10/2019;21,0;sim;28,5;sim;36,0;sim;1,02;sim;0;42;44,0;não;;não;;;;;;;;0,0;;;
13/10/2019;21,0;sim;28,0;sim;35,0;sim;0,68;sim;4;41;;não;;não;;;;;;;;;;;
12/10/2019;19,0;sim;25,5;sim;32,0;sim;0,0;sim;3;40;;não;;não;;;;;;;;;;;
11/10/2019;18,0;sim;24,0;sim;30,0;sim;0,0;sim;2;39;65,0;não;;não;;;;;;;;0,0;;;
10/10/2019;17,0;sim;22,5;sim;28,0;sim;0,57;sim;1;38;74,0;não;;não;;;;;;;;0,0;;;
09/10/2019;17,0;sim;21,0;sim;25,0;sim;2,83;sim;0;37;90,0;não;;não;;;;;;1,0;;;;;
08/10/2019;16,0;sim;23,0;sim;30,0;sim;3,94;sim;0;36;81,0;não;;não;;;;;;1,0;;0,0;;;
07/10/2019;20,0;sim;25,0;sim;30,0;sim;0,03;sim;1;35;79,0;não;;não;;;;;;1,0;;0,0;;;
06/10/2019;22,0;sim;26,0;sim;30,0;sim;9,54;sim;0;34;;não;;não;;;;;;;;;;;
05/10/2019;19,0;sim;25,5;sim;32,0;sim;0,0;sim;9;33;;não;;não;;;;;;;;;;;
04/10/2019;15,0;sim;24,0;sim;33,0;sim;0,0;sim;8;32;45,0;não;;não;;;;;;;;0,0;;;
03/10/2019;19,0;sim;26,0;sim;33,0;sim;0,0;sim;7;31;47,0;não;;não;;;;;;1,0;;0,0;;;
02/10/2019;18,0;sim;26,0;sim;34,0;sim;0,0;sim;6;30;52,0;não;;não;;;;;;1,0;;0,0;;;
01/10/2019;18,0;sim;26,0;sim;34,0;sim;0,0;sim;5;29;59,0;não;;não;;;;;;;;0,0;;;
30/09/2019;16,0;sim;24,0;sim;32,0;sim;0,0;sim;4;28;76,0;não;;não;5,2;;;;;;;0,0;;;
29/09/2019;16,0;sim;24,0;sim;32,0;sim;0,0;sim;3;27;;não;;não;5,2;;;;;;;;;;
28/09/2019;14,0;sim;20,0;sim;26,0;sim;0,0;sim;2;26;;não;;não;3,14;;;;;;;;;;
27/09/2019;14,0;sim;19,5;sim;25,0;sim;0,0;sim;1;25;70,0;não;;não;2,81;;;;;;;;;;
26/09/2019;16,0;sim;17,5;sim;19,0;sim;5,88;sim;0;24;93,0;não;;não;1,14;;;;;1,0;;;;;
25/09/2019;17,0;sim;18,5;sim;20,0;sim;5,24;sim;0;23;96,0;não;;não;1,27;;;;;1,0;;;;;
24/09/2019;14,0;sim;21,0;sim;28,0;sim;0,0;sim;3;22;63,0;não;;não;3,81;;;;;;;0,0;;;
23/09/2019;13,0;sim;20,0;sim;27,0;sim;0,0;sim;2;21;64,0;não;;não;3,56;;;;;;;0,0;;;
22/09/2019;19,0;sim;24,5;sim;30,0;sim;0,0;sim;1;20;;não;;não;3,92;;;;;;;;;;
21/09/2019;20,0;sim;27,5;sim;35,0;sim;1,92;sim;0;19;;não;;não;5,6;;;;;;;;;;
20/09/2019;22,0;sim;28,5;sim;35,0;sim;1,33;sim;0;18;50,0;não;;não;5,45;;;;;;;0,0;;;
19/09/2019;17,0;sim;27,0;sim;37,0;sim;0,0;sim;15;17;46,0;não;19,0;não;6,09;;;;;1,0;;0,0;;;
18/09/2019;19,0;sim;26,5;sim;34,0;sim;0,01;sim;14;16;40,0;não;;não;5,45;;;;;;;0,0;;;
17/09/2019;20,0;sim;26,5;sim;33,0;sim;0,0;sim;13;15;40,0;não;;não;5,11;;;;;;;0,0;;;
16/09/2019;18,0;sim;26,5;sim;35,0;sim;0,0;sim;12;14;52,0;não;;não;5,74;;;;;;;0,0;;;
15/09/2019;19,0;sim;26,5;sim;34,0;sim;0,0;sim;11;13;;não;;não;5,45;;;;;;;;;;
14/09/2019;18,0;sim;26,5;sim;35,0;sim;0,0;sim;10;12;;não;;não;5,74;;;;;;;;;;
13/09/2019;20,0;sim;26,5;sim;33,0;sim;0,0;sim;9;11;58,0;não;;não;5,11;;;;;1,0;;0,0;;;
12/09/2019;22,0;sim;28,5;sim;35,0;sim;0,0;sim;8;10;36,0;não;;não;5,45;;;;;1,0;;0,0;;;
11/09/2019;20,0;sim;27,0;sim;34,0;sim;0,0;sim;7;9;42,0;não;;não;5,37;;;;;1,0;;0,0;;;
10/09/2019;20,0;sim;27,0;sim;34,0;sim;0,0;sim;6;8;51,0;não;;não;5,37;;;;;1,0;;0,0;;;
09/09/2019;18,0;sim;24,0;sim;30,0;sim;0,0;sim;5;7;55,0;não;;não;3,94;;;;;1,0;;0,0;;;
08/09/2019;18,0;sim;24,5;sim;31,0;sim;0,0;sim;4;6;;não;;não;4,71;;;;;;;;;;
07/09/2019;18,0;sim;24,0;sim;30,0;sim;0,0;sim;3;5;;não;;não;3,92;;;;;;;;;;
06/09/2019;15,0;sim;22,0;sim;29,0;sim;0,0;sim;2;4;69,0;não;15,0;não;3,92;;;;;1,0;;0,0;;;
05/09/2019;18,0;sim;23,0;sim;28,0;sim;0,43;sim;1;3;82,0;não;;não;3,21;;;;;;;0,0;;;
04/09/2019;19,0;sim;23,5;sim;28,0;sim;5,63;sim;0;2;88,0;não;;não;3,1;;;;;1,0;;;;;
03/09/2019;18,0;sim;23,5;sim;29,0;sim;2,79;sim;0;1;79,0;não;;não;3,54;;;;;1,0;;;;;
02/09/2019;15,0;sim;23,0;sim;31,0;sim;38,88;sim;0;0;82,0;não;;não;5,01;;;;;1,0;;0,0;;;
01/09/2019;15,0;sim;24,0;sim;33,0;sim;9,57;sim;0;27;;não;;não;5,53;;;;;;;;;;
31/08/2019;16,0;sim;24,5;sim;33,0;sim;2,39;sim;0;26;;não;;não;5,45;;;;;;;;;;
30/08/2019;14,0;sim;23,0;sim;32,0;sim;0,0;sim;7;25;49,0;não;;não;5,37;;;;;;;0,0;;;
29/08/2019;14,0;sim;21,0;sim;28,0;sim;0,0;sim;6;24;56,0;não;;não;3,61;;;;;;;0,0;;;
28/08/2019;15,0;sim;22,0;sim;29,0;sim;0,12;sim;5;23;79,0;não;;não;3,84;;;;;1,0;;0,0;;;
27/08/2019;14,0;sim;21,0;sim;28,0;sim;0,23;sim;4;22;59,0;não;;não;3,6;;;;;;;0,0;;;
26/08/2019;13,0;sim;20,5;sim;28,0;sim;0,0;sim;3;21;63,0;não;;não;3,71;;;;;;;0,0;;;
25/08/2019;10,0;sim;18,0;sim;26,0;sim;0,0;sim;2;20;;não;;não;3,36;;;;;;;;;;
24/08/2019;13,0;sim;19,5;sim;26,0;sim;0,0;sim;1;19;;não;;não;3,03;;;;;;;;;;
23/08/2019;11,0;sim;19,0;sim;27,0;sim;2,55;sim;0;18;89,0;não;;não;3,57;;;;;1,0;;0,0;;;
22/08/2019;13,0;sim;19,5;sim;26,0;sim;0,0;sim;3;17;76,0;não;12,0;não;3,01;;;;;;;0,0;;;
21/08/2019;14,0;sim;21,0;sim;28,0;sim;0,0;sim;2;16;83,0;não;;não;3,56;;;;;1,0;;0,0;;;
20/08/2019;15,0;sim;21,0;sim;27,0;sim;0,2;sim;1;15;91,0;não;14,0;não;3,11;;;;;1,0;;;;;
19/08/2019;15,0;sim;22,0;sim;29,0;sim;1,2;sim;0;14;69,0;não;;não;3,78;;;;;1,0;;0,0;;;
18/08/2019;13,0;sim;19,5;sim;26,0;sim;0,0;sim;13;13;;não;;não;2,99;;;;;;;;;;
17/08/2019;12,0;sim;18,5;sim;25,0;sim;0,0;sim;12;12;;não;;não;2,78;;;;;;;;;;
16/08/2019;11,0;sim;17,5;sim;24,0;sim;0,0;sim;11;11;58,0;não;12,0;não;2,58;;;;;1,0;;0,0;;;
15/08/2019;9,0;sim;16,0;sim;23,0;sim;0,0;sim;10;10;63,0;não;;não;2,48;;;;;;;0,0;;;
14/08/2019;13,0;sim;18,5;sim;24,0;sim;0,0;sim;9;9;85,0;não;;não;2,38;;;;;;;0,0;;;
13/08/2019;16,0;sim;23,5;sim;31,0;sim;0,0;sim;8;8;50,0;não;;não;4,91;;;;;1,0;;0,0;;;
12/08/2019;17,0;sim;23,0;sim;29,0;sim;0,0;sim;7;7;48,0;não;;não;3,5;;;;;1,0;;0,0;;;
11/08/2019;14,0;sim;22,0;sim;30,0;sim;0,0;sim;6;6;;não;;não;4,81;;;;;;;;;;
10/08/2019;14,0;sim;21,5;sim;29,0;sim;0,0;sim;5;5;;não;;não;3,83;;;;;;;;;;
09/08/2019;15,0;sim;21,5;sim;28,0;sim;0,0;sim;4;4;56,0;não;;não;3,36;;;;;;;0,0;;;
08/08/2019;15,0;sim;21,5;sim;28,0;sim;0,0;sim;3;3;64,0;não;;não;3,36;;;;;;;0,0;;;
07/08/2019;14,0;sim;19,5;sim;25,0;sim;0,0;sim;2;2;74,0;não;;não;2,54;;;;;;;0,0;;;
06/08/2019;13,0;sim;18,0;sim;23,0;sim;0,0;sim;1;1;78,0;não;;não;2,09;;;;;;;0,0;;;
05/08/2019;11,0;sim;16,0;sim;21,0;sim;10,61;sim;0;0;89,0;não;;não;1,76;;;;;;;0,0;;;
04/08/2019;10,0;sim;12,5;sim;15,0;sim;27,58;sim;0;0;;não;;não;0,72;;;;;;;;;;
03/08/2019;10,0;sim;14,5;sim;19,0;sim;2,64;sim;0;29;;não;;não;1,4;;;;;;;;;;
02/08/2019;15,0;sim;22,5;sim;30,0;sim;0,0;sim;11;28;50,0;não;;não;4,71;;;;;1,0;;0,0;;;
01/08/2019;12,0;sim;20,5;sim;29,0;sim;0,0;sim;10;27;46,0;não;;não;4,71;;;;;;;0,0;;;
31/07/2019;13,0;sim;20,0;sim;27,0;sim;0,0;sim;9;26;62,0;não;;não;3,2;;;;;1,0;;0,0;;;
30/07/2019;13,0;sim;19,5;sim;26,0;sim;0,0;sim;8;25;63,0;não;;não;2,89;;;;;1,0;;0,0;;;
29/07/2019;14,0;sim;20,0;sim;26,0;sim;0,0;sim;7;24;59,0;não;;não;2,79;;;;;;;0,0;;;
28/07/2019;11,0;sim;18,5;sim;26,0;sim;0,0;sim;6;23;;não;;não;3,08;;;;;;;;;;
27/07/2019;12,0;sim;20,0;sim;28,0;sim;0,0;sim;5;22;;não;;não;3,62;;;;;;;;;;
26/07/2019;15,0;sim;21,0;sim;27,0;sim;0,0;sim;4;21;61,0;não;;não;2,97;;;;;;;0,0;;;
25/07/2019;13,0;sim;20,5;sim;28,0;sim;0,0;sim;3;20;61,0;não;;não;3,5;;;;;1,0;;0,0;;;
24/07/2019;14,0;sim;19,0;sim;24,0;sim;0,0;sim;2;19;63,0;não;;não;2,21;;;;;1,0;;0,0;;;
23/07/2019;14,0;sim;18,5;sim;23,0;sim;0,0;sim;1;18;66,0;não;;não;1,96;;;;;;;0,0;;;
22/07/2019;14,0;sim;19,0;sim;24,0;sim;2,04;sim;0;17;65,0;não;;não;2,21;;;;;;;0,0;;;
21/07/2019;12,0;sim;17,5;sim;23,0;sim;0,53;sim;5;16;;não;;não;2,12;;;;;;;;;;
20/07/2019;11,0;sim;17,0;sim;23,0;sim;0,41;sim;4;15;;não;;não;2,2;;;;;;;;;;
19/07/2019;10,0;sim;16,5;sim;23,0;sim;0,0;sim;3;14;64,0;não;;não;2,29;;;;;;;0,0;;;
18/07/2019;9,0;sim;16,0;sim;23,0;sim;0,03;sim;2;13;69,0;não;;não;2,37;;;;;;;0,0;;;
17/07/2019;9,0;sim;15,0;sim;21,0;sim;0,0;sim;1;12;64,0;não;;não;1,87;;;;;;;0,0;;;
16/07/2019;14,0;sim;20,5;sim;27,0;sim;4,04;sim;0;11;83,0;não;;não;3,03;;;;;1,0;;;;;
15/07/2019;13,0;sim;20,5;sim;28,0;sim;0,0;sim;10;10;52,0;não;;não;3,45;;;;;1,0;;0,0;;;
14/07/2019;12,0;sim;19,5;sim;27,0;sim;0,0;sim;9;9;;não;;não;3,23;;;;;;;;;;
13/07/2019;10,0;sim;18,5;sim;27,0;sim;0,0;sim;8;8;;não;;não;3,45;;;;;;;;;;
12/07/2019;9,0;sim;17,0;sim;25,0;sim;0,0;sim;7;7;53,0;não;10,0;não;2,92;;;;;1,0;;0,0;;;
11/07/2019;12,0;sim;18,0;sim;24,0;sim;0,0;sim;6;6;66,0;não;;não;2,35;;;;;0,0;;0,0;;;
10/07/2019;8,0;sim;15,0;sim;22,0;sim;0,0;sim;5;5;61,0;não;;não;2,18;;;;;1,0;;0,0;;;
09/07/2019;7,0;sim;14,5;sim;22,0;sim;0,0;sim;4;4;;não;;não;2,26;;;;;;;;;;
08/07/2019;7,0;sim;14,0;sim;21,0;sim;0,0;sim;3;3;66,0;não;;não;2,01;;;;;;;0,0;;;
07/07/2019;4,0;sim;10,0;sim;16,0;sim;0,0;sim;2;2;;não;;não;1,16;;;;;;;;;;
06/07/2019;4,0;sim;9,5;sim;15,0;sim;0,0;sim;1;1;;não;;não;0,99;;;;;;;;;;
05/07/2019;11,0;sim;14,5;sim;18,0;sim;24,4;sim;0;0;97,0;não;;não;1,1;;;;;1,0;;;;;
04/07/2019;11,0;sim;14,0;sim;17,0;sim;4,3;sim;0;48;89,0;não;;não;0,94;;;;;1,0;;0,0;;;
03/07/2019;14,0;sim;20,5;sim;27,0;sim;0,0;sim;30;47;62,0;não;;não;3,0;;;;;1,0;;0,0;;;
02/07/2019;16,0;sim;21,5;sim;27,0;sim;0,03;sim;29;46;46,0;não;13,0;não;2,8;;;;;1,0;;0,0;;;
01/07/2019;16,0;sim;22,0;sim;28,0;sim;0,0;sim;28;45;63,0;não;;não;3,1;;;;;1,0;;0,0;;;
30/06/2019;16,0;sim;21,5;sim;27,0;sim;0,0;sim;27;44;;não;;não;2,8;;;;;;;;;;
29/06/2019;17,0;sim;22,5;sim;28,0;sim;0,0;sim;26;43;;não;;não;2,99;;;;;;;;;;
28/06/2019;18,0;sim;23,0;sim;28,0;sim;0,0;sim;25;42;60,0;não;;não;2,89;;;;;1,0;;0,0;;;
27/06/2019;15,0;sim;20,5;sim;26,0;sim;0,39;sim;24;41;70,0;não;;não;2,6;;;;;1,0;;0,0;;;
26/06/2019;14,0;sim;20,5;sim;27,0;sim;0,0;sim;23;40;69,0;não;;não;2,99;;;;;1,0;;0,0;;;
25/06/2019;13,0;sim;19,0;sim;25,0;sim;0,0;sim;22;39;65,0;não;15,0;não;2,51;;;;;;;0,0;;;
24/06/2019;15,0;sim;20,0;sim;25,0;sim;0,0;sim;21;38;77,0;não;;não;2,33;;;;;0,0;;0,0;;;
23/06/2019;14,0;sim;19,5;sim;25,0;sim;0,0;sim;20;37;;não;;não;2,42;;;;;;;;;;
22/06/2019;14,0;sim;19,5;sim;25,0;sim;0,0;sim;19;36;;não;;não;2,42;;;;;;;;;;
21/06/2019;12,0;sim;18,5;sim;25,0;sim;0,0;sim;18;35;77,0;não;;não;2,6;;;;;;;0,0;;;
20/06/2019;16,0;sim;20,5;sim;25,0;sim;0,0;sim;17;34;;não;;não;2,24;;;;;;;;;;
19/06/2019;13,0;sim;19,5;sim;26,0;sim;0,0;sim;16;33;81,0;não;;não;2,79;;;;;1,0;;0,0;;;
18/06/2019;15,0;sim;20,0;sim;25,0;sim;0,0;sim;15;32;70,0;não;;não;2,33;;;;;1,0;;0,0;;;
17/06/2019;15,0;sim;20,5;sim;26,0;sim;0,0;sim;14;31;73,0;não;;não;2,6;;;;;1,0;;0,0;;;
16/06/2019;17,0;sim;21,0;sim;25,0;sim;0,0;sim;13;30;;não;;não;2,16;;;;;;;;;;
15/06/2019;14,0;sim;21,0;sim;28,0;sim;0,0;sim;12;29;;não;;não;3,3;;;;;;;;;;
14/06/2019;15,0;sim;21,0;sim;27,0;sim;0,0;sim;11;28;68,0;não;;não;2,89;;;;;;;0,0;;;
13/06/2019;17,0;sim;21,5;sim;26,0;sim;0,0;sim;10;27;72,0;não;;não;2,42;;;;;;;0,0;;;
12/06/2019;13,0;sim;19,5;sim;26,0;sim;0,0;sim;9;26;72,0;não;;não;2,8;;;;;1,0;;0,0;;;
11/06/2019;14,0;sim;19,0;sim;24,0;sim;0,0;sim;8;25;61,0;não;;não;2,16;;;;;1,0;;0,0;;;
10/06/2019;12,0;sim;18,0;sim;24,0;sim;0,0;sim;7;24;69,0;não;;não;2,34;;;;;;;0,0;;;
09/06/2019;13,0;sim;18,0;sim;23,0;sim;0,0;sim;6;23;;não;;não;2,0;;;;;;;;;;
08/06/2019;14,0;sim;19,5;sim;25,0;sim;0,44;sim;5;22;;não;;não;2,43;;;;;;;;;;
07/06/2019;12,0;sim;18,5;sim;25,0;sim;0,0;sim;4;21;66,0;não;;não;2,61;;;;;;;0,0;;;
06/06/2019;11,0;sim;17,0;sim;23,0;sim;0,0;sim;3;20;70,0;não;;não;2,17;;;;;;;0,0;;;
05/06/2019;11,0;sim;15,5;sim;20,0;sim;0,0;sim;2;19;65,0;não;;não;1,48;;;;;;;0,0;;;
04/06/2019;15,0;sim;18,5;sim;22,0;sim;0,0;sim;1;18;88,0;não;;não;1,63;;;;;;;;;;
03/06/2019;15,0;sim;18,5;sim;22,0;sim;3,16;sim;0;17;94,0;não;;não;1,63;;;;;1,0;;0,0;;;
02/06/2019;16,0;sim;20,5;sim;25,0;sim;0,0;sim;4;16;;não;;não;2,26;;;;;;;;;;
01/06/2019;16,0;sim;21,0;sim;26,0;sim;0,0;sim;3;15;;não;;não;2,53;;;;;;;;;;
31/05/2019;18,0;sim;23,0;sim;28,0;sim;0,0;sim;2;14;71,0;não;;não;2,92;;;;;1,0;;0,0;;;
30/05/2019;17,0;sim;22,0;sim;27,0;sim;0,0;sim;1;13;72,0;não;;não;2,73;;;;;1,0;;0,0;;;
29/05/2019;17,0;sim;21,5;sim;26,0;sim;1,84;sim;0;12;79,0;não;;não;2,45;;;;;1,0;;;;;
28/05/2019;13,0;sim;20,5;sim;28,0;sim;0,0;sim;4;11;69,0;não;;não;3,46;;;;;1,0;;0,0;;;
27/05/2019;13,0;sim;19,5;sim;26,0;sim;0,0;sim;3;10;56,0;não;;não;2,83;;;;;;;0,0;;;
26/05/2019;11,0;sim;17,0;sim;23,0;sim;0,0;sim;2;9;;não;;não;2,19;;;;;;;;;;
25/05/2019;14,0;sim;17,5;sim;21,0;sim;0,01;sim;1;8;;não;;não;1,5;;;;;;;;;;
24/05/2019;10,0;sim;14,5;sim;19,0;sim;2,37;sim;0;7;80,0;não;16,0;não;1,37;;;;;1,0;;0,0;;;
23/05/2019;13,0;sim;20,0;sim;27,0;sim;0,02;sim;5;6;71,0;não;;não;3,15;;;;;1,0;;0,0;;;
22/05/2019;12,0;sim;19,0;sim;26,0;sim;0,0;sim;4;5;70,0;não;;não;2,95;;;;;1,0;;0,0;;;
21/05/2019;13,0;sim;19,0;sim;25,0;sim;0,0;sim;3;4;64,0;não;;não;2,57;;;;;1,0;;0,0;;;
20/05/2019;14,0;sim;19,0;sim;24,0;sim;0,0;sim;2;3;85,0;não;;não;2,21;;;;;1,0;;0,0;;;
19/05/2019;16,0;sim;21,0;sim;26,0;sim;0,22;sim;1;2;;não;;não;2,58;;;;;;;;;;
18/05/2019;17,0;sim;20,5;sim;24,0;sim;4,28;sim;0;1;;não;;não;1,97;;;;;;;;;;
17/05/2019;15,0;sim;19,0;sim;23,0;sim;16,68;sim;0;0;84,0;não;;não;1,89;;;;;;;0,0;;;
16/05/2019;17,0;sim;21,0;sim;25,0;sim;0,06;sim;5;18;80,0;não;;não;2,23;;;;;;;0,0;;;
15/05/2019;18,0;sim;21,5;sim;25,0;sim;0,19;sim;4;17;78,0;não;;não;2,14;;;;;;;0,0;;;
14/05/2019;19,0;sim;23,5;sim;28,0;sim;0,01;sim;3;16;85,0;não;;não;2,89;;;;;0,0;;0,0;;;
13/05/2019;20,0;sim;24,5;sim;29,0;sim;0,0;sim;2;15;87,0;não;;não;3,1;;;;;1,0;;0,0;;;
12/05/2019;20,0;sim;24,5;sim;29,0;sim;0,0;sim;1;14;;não;;não;3,1;;;;;;;;;;
11/05/2019;19,0;sim;23,5;sim;28,0;sim;1,07;sim;0;13;;não;;não;2,9;;;;;;;;;;
10/05/2019;18,0;sim;23,0;sim;28,0;sim;0,31;sim;3;12;85,0;não;18,0;não;3,01;;;;;;96,0;;0,0;;
09/05/2019;18,0;sim;22,5;sim;27,0;sim;0,04;sim;2;11;81,0;não;;não;2,71;;;;;;;0,0;;;
08/05/2019;19,0;sim;23,0;sim;27,0;sim;0,0;sim;1;10;82,0;não;17,0;não;2,62;;;;;1,0;;1,0;;;
07/05/2019;19,0;sim;23,5;sim;28,0;sim;3,28;sim;0;9;79,0;não;;não;2,92;;;;;1,0;;0,0;;;
06/05/2019;19,0;sim;23,5;sim;28,0;sim;0,0;sim;2;8;71,0;não;;não;2,93;;;;;1,0;;0,0;;;
05/05/2019;20,0;sim;24,0;sim;28,0;sim;0,02;sim;1;7;;não;;não;2,83;;;;;;;;;;
04/05/2019;20,0;sim;24,5;sim;29,0;sim;1,68;sim;0;6;85,0;não;;não;3,15;;;;;1,0;87,0;0,0;0,0;;
03/05/2019;19,0;sim;23,5;sim;28,0;sim;0,17;sim;2;5;76,0;não;;não;2,94;;;;;1,0;;0,0;;;
02/05/2019;19,0;sim;24,0;sim;29,0;sim;0,25;sim;1;4;80,0;não;;não;3,26;;;;;1,0;;0,0;;;
01/05/2019;18,0;sim;23,0;sim;28,0;sim;2,46;sim;0;3;75,0;não;;não;3,06;;3,0;;09:00:00;1,0;78,0;0,0;0,0;;
30/04/2019;14,0;sim;20,5;sim;27,0;sim;0,0;sim;2;2;73,0;não;;não;3,17;;8,0;;;;83,0;0,0;0,0;;
29/04/2019;16,0;sim;21,0;sim;26,0;sim;0,1;sim;1;1;93,0;não;;não;2,66;;;;;1,0;;0,0;;;
28/04/2019;20,0;sim;25,0;sim;30,0;sim;10,8;sim;0;0;;não;;não;3,51;;;;;;;;;;
27/04/2019;20,0;sim;25,0;sim;30,0;sim;0,0;sim;4;13;70,0;não;;não;3,52;;;;;;83,0;0,0;1,0;;
26/04/2019;20,0;sim;25,0;sim;30,0;sim;0,0;sim;3;12;72,0;não;;não;3,53;;;;;;;0,0;;;
25/04/2019;20,0;sim;24,5;sim;29,0;sim;0,0;sim;2;11;76,0;não;;não;3,2;;;;;;;0,0;;;
24/04/2019;18,0;sim;23,0;sim;28,0;sim;0,0;sim;1;10;76,0;não;;não;3,1;;;;;;;0,0;;;
23/04/2019;20,0;sim;25,0;sim;30,0;sim;1,7;sim;0;9;78,0;não;;não;3,55;;;;;1,0;;0,0;;;
22/04/2019;18,0;sim;23,5;sim;29,0;sim;0,0;sim;8;8;64,0;não;;não;3,44;;;;;1,0;;0,0;;;
21/04/2019;18,0;sim;23,0;sim;28,0;sim;0,13;sim;7;7;;não;;não;3,12;;;;;;;;;;
20/04/2019;16,0;sim;21,5;sim;27,0;sim;0,0;sim;6;6;59,0;não;;não;3,02;;;;;0,0;81,0;0,0;1,0;;
19/04/2019;18,0;sim;23,0;sim;28,0;sim;0,0;sim;5;5;64,0;não;;não;3,13;;;;;0,0;78,0;0,0;0,0;;
18/04/2019;18,0;sim;23,0;sim;28,0;sim;0,0;sim;4;4;63,0;não;;não;3,14;;;;;1,0;84,0;0,0;1,0;;
17/04/2019;20,0;sim;24,0;sim;28,0;sim;0,0;sim;3;3;96,0;não;;não;2,93;;;;;1,0;;0,0;;;
16/04/2019;20,0;sim;24,0;sim;28,0;sim;0,08;sim;2;2;66,0;não;;não;2,94;;;;;;;0,0;;;
15/04/2019;20,0;sim;24,0;sim;28,0;sim;0,0;sim;1;1;88,0;não;;não;2,94;;;;;1,0;;0,0;;;
14/04/2019;19,0;sim;23,0;sim;27,0;sim;16,65;sim;0;0;;não;;não;2,75;;;;;;;;;;
13/04/2019;20,0;sim;24,5;sim;29,0;sim;5,28;sim;0;5;;não;;não;3,28;;;;;;;;;;
12/04/2019;17,0;sim;23,0;sim;29,0;sim;0,0;sim;4;4;72,0;não;;não;3,63;;;;;1,0;;0,0;;;
11/04/2019;17,0;sim;22,0;sim;27,0;sim;0,0;sim;3;3;77,0;não;16,0;não;2,97;;;;;;;0,0;;;
10/04/2019;19,0;sim;23,0;sim;27,0;sim;0,0;sim;2;2;85,0;não;;não;2,77;;;;;;;0,0;;;
09/04/2019;20,0;sim;23,0;sim;26,0;sim;0,0;sim;1;1;89,0;não;;não;2,39;;;;;;;;;;
08/04/2019;21,0;sim;23,5;sim;26,0;sim;20,38;sim;0;0;98,0;não;;não;2,3;;;;;;;0,0;;;
07/04/2019;22,0;sim;25,0;sim;28,0;sim;5,65;sim;0;24;;não;;não;2,79;;;;;;;;;;
06/04/2019;22,0;sim;25,5;sim;29,0;sim;9,85;sim;0;23;;não;;não;3,11;;;;;;;;;;
05/04/2019;22,0;sim;26,5;sim;31,0;sim;7,13;sim;0;22;74,0;não;;não;3,8;;;;;;;0,0;;;
04/04/2019;19,0;sim;24,5;sim;30,0;sim;0,0;sim;14;21;53,0;não;;não;3,81;;;;;1,0;;0,0;;;
03/04/2019;19,0;sim;24,5;sim;30,0;sim;0,0;sim;13;20;51,0;não;;não;3,81;;;;;1,0;;0,0;;;
02/04/2019;18,0;sim;23,5;sim;29,0;sim;0,0;sim;12;19;70,0;não;;não;3,58;;;;;1,0;;0,0;;;
01/04/2019;18,0;sim;23,0;sim;28,0;sim;0,0;sim;11;18;69,0;não;;não;3,25;;;;;1,0;;0,0;;;
31/03/2019;17,0;sim;22,5;sim;28,0;sim;0,0;sim;10;17;;não;;não;3,37;;;;;;;;;;
30/03/2019;17,0;sim;22,0;sim;27,0;sim;0,0;sim;9;16;;não;;não;3,04;;;;;;;;;;
29/03/2019;17,0;sim;23,0;sim;29,0;sim;0,0;sim;8;15;;não;;não;3,73;;;;;;;;;;
28/03/2019;19,0;sim;23,5;sim;28,0;sim;0,0;sim;7;14;;não;;não;3,16;;;;;;;;;;
27/03/2019;19,0;sim;24,5;sim;30,0;sim;0,0;sim;6;13;;não;;não;3,87;;;;;;;;;;
26/03/2019;20,0;sim;23,5;sim;27,0;sim;0,0;sim;5;12;;não;;não;2,75;;;;;;;;;;
25/03/2019;19,0;sim;23,5;sim;28,0;sim;0,0;sim;4;11;;não;;não;3,18;;;;;;;;;;
24/03/2019;19,0;sim;24,0;sim;29,0;sim;0,0;sim;3;10;;não;;não;3,53;;;;;;;;;;
23/03/2019;18,0;sim;23,0;sim;28,0;sim;0,0;sim;2;9;;não;;não;3,31;;;;;;;;;;
22/03/2019;18,0;sim;22,0;sim;26,0;sim;0,0;sim;1;8;;não;;não;2,67;;;;;;;;;;
21/03/2019;20,0;sim;22,5;sim;25,0;sim;9,63;sim;0;7;;não;;não;2,2;;;;;;;;;;
20/03/2019;22,0;sim;24,0;sim;26,0;sim;1,93;sim;0;6;;não;;não;2,3;;;;;;;;;;
19/03/2019;22,0;sim;25,5;sim;29,0;sim;0,95;sim;1;5;;não;;não;3,22;;;;;;;;;;
18/03/2019;22,0;sim;25,0;sim;28,0;sim;5,13;sim;0;4;;não;;não;2,9;;;;;;;;;;
17/03/2019;21,0;sim;25,5;sim;30,0;sim;0,05;sim;1;3;;não;;não;3,7;;;;;;;;;;
16/03/2019;22,0;sim;26,0;sim;30,0;sim;2,53;sim;0;2;;não;;não;3,59;;;;;;;;;;
15/03/2019;22,0;sim;25,0;sim;28,0;sim;6,0;sim;0;1;89,0;não;;não;2,92;;;;;1,0;;;;;
14/03/2019;21,0;sim;25,0;sim;29,0;sim;10,68;sim;0;0;88,0;não;;não;3,37;;;;;1,0;;;;;
13/03/2019;19,0;sim;23,5;sim;28,0;sim;7,38;sim;0;12;88,0;não;;não;3,26;;;;;;;;;;
12/03/2019;20,0;sim;24,0;sim;28,0;sim;2,55;sim;0;11;66,0;não;;não;3,16;;;;;;;0,0;;;
11/03/2019;21,0;sim;25,0;sim;29,0;sim;3,7;sim;0;10;87,0;não;;não;3,39;;;;;;;0,0;;;
10/03/2019;21,0;sim;25,5;sim;30,0;sim;7,05;sim;0;9;;não;;não;3,75;;;;;;;;;;
09/03/2019;20,0;sim;25,5;sim;31,0;sim;0,0;sim;2;8;;não;;não;4,27;;;;;;;;;;
08/03/2019;21,0;sim;25,0;sim;29,0;sim;0,0;sim;1;7;76,0;não;;não;3,41;;;;;1,0;;;;;
07/03/2019;21,0;sim;25,0;sim;29,0;sim;4,28;sim;0;6;77,0;não;;não;3,42;;;;;1,0;;0,0;;;
06/03/2019;21,0;sim;24,5;sim;28,0;sim;3,08;sim;0;5;73,0;não;;não;3,08;;;;;1,0;;;;;
05/03/2019;20,0;sim;24,0;sim;28,0;sim;4,5;sim;0;4;;não;;não;3,2;;;;;;;;;;
04/03/2019;19,0;sim;23,5;sim;28,0;sim;0,05;sim;1;3;;não;;não;3,32;;;;;;;;;;
03/03/2019;19,0;sim;23,0;sim;27,0;sim;6,15;sim;0;2;;não;;não;2,99;;;;;;;;;;
02/03/2019;21,0;sim;24,0;sim;27,0;sim;0,73;sim;1;1;;não;;não;2,78;;;;;;;;;;
01/03/2019;20,0;sim;23,5;sim;27,0;sim;11,2;sim;0;0;95,0;não;;não;2,89;;;;;1,0;;56,0;;;
28/02/2019;22,0;sim;23,0;sim;24,0;sim;18,73;sim;0;0;99,0;não;;não;1,85;;;;;;;44,0;;;
27/02/2019;21,0;sim;23,0;sim;25,0;sim;10,3;sim;0;0;87,0;não;;não;2,2;;;;;1,0;;;;;
26/02/2019;21,0;sim;26,0;sim;31,0;sim;13,08;sim;0;0;88,0;não;;não;4,23;;;;;1,0;;;;;
25/02/2019;23,0;sim;26,0;sim;29,0;sim;3,23;sim;0;9;75,0;não;;não;3,25;;;;;1,0;;0,0;;;
24/02/2019;22,0;sim;25,0;sim;28,0;sim;6,5;sim;0;8;;não;;não;3,03;;;;;;;;;;
23/02/2019;22,0;sim;24,5;sim;27,0;sim;0,83;sim;1;7;;não;;não;2,71;;;;;;;;;;
22/02/2019;21,0;sim;24,0;sim;27,0;sim;7,15;sim;0;6;88,0;não;;não;2,82;;;;;;;;;;
21/02/2019;21,0;sim;25,0;sim;29,0;sim;0,1;sim;1;5;86,0;não;;não;3,51;;;;;;;;;;
20/02/2019;20,0;sim;24,5;sim;29,0;sim;1,03;sim;0;4;78,0;não;;não;3,63;;;;;1,0;;;;;
19/02/2019;20,0;sim;24,5;sim;29,0;sim;0,45;sim;3;3;91,0;não;;não;3,64;;;;;;;0,0;;;
18/02/2019;20,0;sim;22,5;sim;25,0;sim;0,7;sim;2;2;88,0;não;;não;2,34;;;;;1,0;;0,0;;;
17/02/2019;20,0;sim;23,5;sim;27,0;sim;0,5;sim;1;1;;não;;não;2,96;;;;;;;;;;
16/02/2019;21,0;sim;23,5;sim;26,0;sim;22,68;sim;0;0;99,0;não;;não;2,54;;0,0;;;1,0;97,0;;1,0;;
15/02/2019;20,0;sim;24,0;sim;28,0;sim;18,88;sim;0;0;95,0;não;;não;3,31;;;;;;94,0;0,0;;;
14/02/2019;20,0;sim;23,0;sim;26,0;sim;0,0;sim;1;1;74,0;não;;não;2,65;;;;;;;0,0;;;
13/02/2019;19,0;sim;22,0;sim;25,0;sim;14,05;sim;0;0;88,0;não;;não;2,45;;;;;1,0;;;;;
12/02/2019;22,0;sim;27,0;sim;32,0;sim;20,6;sim;0;0;96,0;não;20,0;não;4,6;;;;;1,0;;;;;
11/02/2019;22,0;sim;26,0;sim;30,0;sim;0,13;sim;5;7;81,0;não;;não;3,82;;;;;;;0,0;;;
10/02/2019;20,0;sim;25,0;sim;30,0;sim;0,0;sim;4;6;;não;;não;4,08;;;;;;;;;;
09/02/2019;20,0;sim;26,0;sim;32,0;sim;0,0;sim;3;5;67,0;não;;não;4,81;;;;;;67,0;0,0;1,0;;
08/02/2019;19,0;sim;25,0;sim;31,0;sim;0,0;sim;2;4;73,0;não;;não;4,6;;;;;1,0;66,0;0,0;0,0;;
07/02/2019;19,0;sim;24,5;sim;30,0;sim;0,05;sim;1;3;92,0;não;;não;4,23;;;;;1,0;;;;;
06/02/2019;20,0;sim;23,5;sim;27,0;sim;8,03;sim;0;2;86,0;não;;não;3,01;;;;;1,0;;0,0;;;
05/02/2019;20,0;sim;23,5;sim;27,0;sim;0,0;sim;1;1;76,0;não;;não;3,01;;;;;;;0,0;;;
04/02/2019;22,0;sim;24,5;sim;27,0;sim;29,9;sim;0;0;85,0;não;;não;2,8;;;;;;;0,0;;;
03/02/2019;23,0;sim;28,0;sim;33,0;sim;4,43;sim;0;9;;não;;não;4,81;;;;;;;;;;
02/02/2019;22,0;sim;27,5;sim;33,0;sim;0,53;sim;7;8;56,0;não;;não;4,91;;;;;1,0;;0,0;;;
01/02/2019;22,0;sim;28,0;sim;34,0;sim;0,0;sim;6;7;52,0;não;;não;5,2;;;;;1,0;64,0;0,0;0,0;;
31/01/2019;22,0;sim;28,0;sim;34,0;sim;0,13;sim;5;6;56,0;não;;não;5,2;;;;;0,0;;0,0;;;
30/01/2019;22,0;sim;27,0;sim;32,0;sim;0,0;sim;4;5;54,0;não;;não;4,6;;;;;1,0;;0,0;;;
29/01/2019;22,0;sim;27,0;sim;32,0;sim;0,0;sim;3;4;58,0;não;;não;4,6;;;;;1,0;;0,0;;;
28/01/2019;20,0;sim;25,0;sim;30,0;sim;0,0;sim;2;3;60,0;não;;não;4,16;;;;;;;;;;
27/01/2019;20,0;sim;23,0;sim;26,0;sim;0,0;sim;1;2;;não;;não;2,72;;;;;;;;;;
26/01/2019;17,0;sim;22,5;sim;28,0;sim;1,3;sim;0;1;74,0;não;;não;3,78;;;;;1,0;76,0;;1,0;;
25/01/2019;22,0;sim;25,5;sim;29,0;sim;17,68;sim;0;0;;não;;não;3,53;;;;;;96,0;;;;
24/01/2019;22,0;sim;28,0;sim;34,0;sim;24,58;sim;0;0;69,0;não;;não;5,2;;;;;;81,0;0,0;1,0;;
23/01/2019;21,0;sim;26,5;sim;32,0;sim;5,0;sim;0;3;68,0;não;;não;4,71;;;;;;;0,0;;;
22/01/2019;21,0;sim;27,0;sim;33,0;sim;2,73;sim;0;2;62,0;não;21,0;não;5,01;;;;;1,0;;;;;
21/01/2019;22,0;sim;27,5;sim;33,0;sim;0,0;sim;1;1;67,0;não;;não;4,91;;;;;1,0;;0,0;;;
20/01/2019;20,0;sim;25,5;sim;31,0;sim;20,05;sim;0;0;;não;;não;4,62;;;;;;;;;;
19/01/2019;22,0;sim;26,5;sim;31,0;sim;0,03;sim;2;7;84,0;não;;não;4,34;;;;;;77,0;9,0;1,0;;
18/01/2019;21,0;sim;26,0;sim;31,0;sim;0,25;sim;1;6;65,0;não;;não;4,49;;;;;0,0;78,0;0,0;1,0;;
17/01/2019;22,0;sim;26,5;sim;31,0;sim;2,73;sim;0;5;75,0;não;;não;4,35;;;;;1,0;;2,0;;;
16/01/2019;20,0;sim;26,0;sim;32,0;sim;2,53;sim;0;4;70,0;não;;não;4,81;;;;;1,0;;0,0;;;
15/01/2019;22,0;sim;27,0;sim;32,0;sim;4,98;sim;0;3;79,0;não;;não;4,6;;;;;0,0;;;;;
14/01/2019;21,0;sim;26,0;sim;31,0;sim;0,78;sim;2;2;69,0;não;;não;4,5;;;;;1,0;;0,0;;;
13/01/2019;21,0;sim;26,5;sim;32,0;sim;0,75;sim;1;1;;não;;não;4,71;;;;;;;;;;
12/01/2019;22,0;sim;27,0;sim;32,0;sim;35,1;sim;0;0;88,0;não;;não;4,6;;;;;1,0;95,0;0,0;1,0;;
11/01/2019;21,0;sim;27,5;sim;34,0;sim;0,08;sim;3;6;57,0;não;;não;5,29;;;;;1,0;;0,0;;;
10/01/2019;21,0;sim;26,0;sim;31,0;sim;0,6;sim;2;5;54,0;não;;não;4,52;;;;;1,0;;0,0;;;
09/01/2019;22,0;sim;26,5;sim;31,0;sim;0,0;sim;1;4;62,0;não;;não;4,38;;;;;;;0,0;;;
08/01/2019;22,0;sim;26,5;sim;31,0;sim;4,1;sim;0;3;62,0;não;;não;4,38;;;;;1,0;;0,0;;;
07/01/2019;21,0;sim;25,0;sim;29,0;sim;0,0;sim;1;2;74,0;não;;não;3,72;;;;;1,0;;0,0;;;
06/01/2019;20,0;sim;24,0;sim;28,0;sim;1,5;sim;0;1;;não;;não;3,47;;;;;;;;;;
05/01/2019;21,0;sim;22,5;sim;24,0;sim;37,15;sim;0;0;97,0;não;;não;2,08;;0,0;;;1,0;97,0;;1,0;;
04/01/2019;21,0;sim;25,0;sim;29,0;sim;14,03;sim;0;0;84,0;não;;não;3,73;;;;;0,0;;;;;
03/01/2019;20,0;sim;24,5;sim;29,0;sim;3,2;sim;0;11;74,0;não;;não;3,86;;;;;1,0;;0,0;;;
02/01/2019;20,0;sim;25,5;sim;31,0;sim;0,18;sim;1;10;75,0;não;;não;4,68;;;;;1,0;;;;;
01/01/2019;21,0;sim;26,0;sim;31,0;sim;5,6;sim;0;9;75,0;não;;não;4,54;;;;;;98,0;0,0;;;
31/12/2018;21,0;sim;27,0;sim;33,0;sim;0,05;sim;3;8;77,0;não;;não;5,01;;;;;1,0;;0,0;;;
30/12/2018;20,0;sim;26,0;sim;32,0;sim;0,0;sim;2;7;;não;;não;4,81;;;;;;;;;;
29/12/2018;18,0;sim;24,0;sim;30,0;sim;0,25;sim;1;6;;não;;não;4,55;;;;;;;;;;
28/12/2018;20,0;sim;24,5;sim;29,0;sim;2,0;sim;0;5;;não;;não;3,87;;;;;;;;;;
27/12/2018;20,0;sim;24,5;sim;29,0;sim;1,73;sim;0;4;;não;;não;3,87;;;;;;;;;;
26/12/2018;21,0;sim;24,0;sim;27,0;sim;0,75;sim;1;3;;não;;não;3,02;;;;;;;;;;
25/12/2018;21,0;sim;23,5;sim;26,0;sim;1,93;sim;0;2;;não;;não;2,69;;;;;;;;;;
24/12/2018;21,0;sim;24,5;sim;28,0;sim;6,18;sim;0;1;;não;;não;3,37;;;;;;;;;;
23/12/2018;23,0;sim;26,5;sim;30,0;sim;16,28;sim;0;0;;não;;não;3,87;;;;;;;;;;
22/12/2018;18,0;sim;23,0;sim;28,0;sim;5,9;sim;0;3;;não;;não;3,74;;;;;;;;;;
21/12/2018;18,0;sim;22,0;sim;26,0;sim;3,9;sim;0;2;;não;;não;3,02;;;;;;;;;;
20/12/2018;19,0;sim;24,5;sim;30,0;sim;0,78;sim;1;1;;não;;não;4,41;;;;;;;;;;
19/12/2018;21,0;sim;26,5;sim;32,0;sim;19,1;sim;0;0;;não;;não;4,71;;;;;;;;;;
18/12/2018;20,0;sim;26,0;sim;32,0;sim;4,5;sim;0;24;;não;;não;4,81;;;;;;;;;;
17/12/2018;20,0;sim;26,5;sim;33,0;sim;0,08;sim;2;23;;não;;não;5,11;;;;;;;;;;
16/12/2018;22,0;sim;27,5;sim;33,0;sim;0,4;sim;1;22;;não;;não;4,91;;;;;;;;;;
15/12/2018;20,0;sim;26,0;sim;32,0;sim;3,8;sim;0;21;61,0;não;;não;4,81;;;;;1,0;73,0;;1,0;;
14/12/2018;20,0;sim;26,5;sim;33,0;sim;0,0;sim;12;20;59,0;não;;não;5,11;;;;;1,0;97,0;0,0;0,0;;
13/12/2018;21,0;sim;26,0;sim;31,0;sim;0,18;sim;11;19;63,0;não;;não;4,55;;;;;;;0,0;;;
12/12/2018;20,0;sim;25,5;sim;31,0;sim;0,0;sim;10;18;54,0;não;;não;4,69;;;;;1,0;;0,0;;;
11/12/2018;19,0;sim;26,0;sim;33,0;sim;0,0;sim;9;17;59,0;não;;não;5,2;;;;;1,0;;0,0;;;
10/12/2018;18,0;sim;22,0;sim;26,0;sim;0,0;sim;8;16;64,0;não;;não;3,01;;;;;;;0,0;;;
09/12/2018;15,0;sim;20,0;sim;25,0;sim;0,0;sim;7;15;;não;;não;3,01;;;;;;;;;;
08/12/2018;18,0;sim;21,0;sim;24,0;sim;0,3;sim;6;14;66,0;não;;não;2,37;;;;;;71,0;0,0;;;
07/12/2018;21,0;sim;26,0;sim;31,0;sim;0,0;sim;5;13;67,0;não;;não;4,54;;;;;1,0;;0,0;;;
06/12/2018;20,0;sim;25,0;sim;30,0;sim;0,03;sim;4;12;67,0;não;;não;4,26;;;;;1,0;;0,0;;;
05/12/2018;21,0;sim;26,0;sim;31,0;sim;0,0;sim;3;11;60,0;não;;não;4,53;;;;;1,0;;0,0;;;
04/12/2018;17,0;sim;23,0;sim;29,0;sim;0,0;sim;2;10;42,0;não;;não;4,25;;;;;1,0;;0,0;;;
03/12/2018;18,0;sim;22,5;sim;27,0;sim;0,78;sim;1;9;75,0;não;;não;3,35;;;;;;75,0;0,0;1,0;;
02/12/2018;21,0;sim;25,0;sim;29,0;sim;1,3;sim;0;8;;não;;não;3,72;;;;;;;;;;
01/12/2018;22,0;sim;25,0;sim;28,0;sim;6,85;sim;0;7;95,0;não;;não;3,22;;;;;1,0;98,0;;1,0;;
30/11/2018;19,0;sim;24,5;sim;30,0;sim;4,4;sim;0;6;55,0;não;;não;4,38;;;;;1,0;88,0;0,0;1,0;;
29/11/2018;20,0;sim;25,0;sim;30,0;sim;0,0;sim;4;5;61,0;não;;não;4,23;;;;;1,0;;0,0;;;
28/11/2018;19,0;sim;24,5;sim;30,0;sim;0,0;sim;3;4;68,0;não;;não;4,37;;;;;;;;;;
27/11/2018;17,0;sim;23,0;sim;29,0;sim;0,28;sim;2;3;67,0;não;;não;4,23;;;;;1,0;;0,0;;;
26/11/2018;17,0;sim;21,5;sim;26,0;sim;0,0;sim;1;2;80,0;não;;não;3,1;;;;;1,0;;0,0;;;
25/11/2018;20,0;sim;25,0;sim;30,0;sim;5,05;sim;0;1;;não;;não;4,22;;;;;;;;;;
24/11/2018;21,0;sim;22,0;sim;23,0;sim;13,33;sim;0;0;;não;;não;1,8;;;;;;95,0;;;;
23/11/2018;18,0;sim;22,5;sim;27,0;sim;1,2;sim;0;4;76,0;não;;não;3,32;;;;;;;0,0;;;
22/11/2018;19,0;sim;23,0;sim;27,0;sim;0,0;sim;3;3;83,0;não;;não;3,2;;;;;;;;;;
21/11/2018;17,0;sim;20,5;sim;24,0;sim;0,0;sim;2;2;79,0;não;;não;2,44;;;;;1,0;;0,0;;;
20/11/2018;18,0;sim;21,0;sim;24,0;sim;0,0;sim;1;1;;não;;não;2,34;;;;;;;;;;
19/11/2018;19,0;sim;21,0;sim;23,0;sim;12,9;sim;0;0;98,0;não;;não;1,96;;;;;1,0;;0,0;;;
18/11/2018;22,0;sim;26,5;sim;31,0;sim;3,05;sim;0;15;;não;;não;4,32;;;;;;;;;;
17/11/2018;20,0;sim;25,5;sim;31,0;sim;0,8;sim;1;14;70,0;não;19,0;não;4,6;;3,0;;;;75,0;0,0;;;
16/11/2018;21,0;sim;25,0;sim;29,0;sim;4,83;sim;0;13;74,0;não;;não;3,66;;;;;1,0;74,0;;;;
15/11/2018;23,0;sim;25,0;sim;27,0;sim;1,85;sim;0;12;98,0;não;;não;2,73;;;;;1,0;82,0;;1,0;;
14/11/2018;22,0;sim;27,0;sim;32,0;sim;4,0;sim;0;11;60,0;não;;não;4,6;;;;;1,0;;0,0;;;
13/11/2018;21,0;sim;25,5;sim;30,0;sim;0,05;sim;5;10;68,0;não;;não;4,03;;;;;;;;;;
12/11/2018;20,0;sim;24,5;sim;29,0;sim;0,0;sim;4;9;71,0;não;;não;3,77;;;;;;;0,0;;;
11/11/2018;18,0;sim;23,5;sim;29,0;sim;0,08;sim;3;8;;não;;não;4,02;;;;;;;;;;
10/11/2018;18,0;sim;23,5;sim;29,0;sim;0,65;sim;2;7;95,0;não;17,0;não;4,01;;;;;1,0;95,0;5,0;1,0;;
09/11/2018;16,0;sim;19,5;sim;23,0;sim;0,03;sim;1;6;75,0;não;;não;2,21;;;;;;;;;;
08/11/2018;19,0;sim;21,0;sim;23,0;sim;6,3;sim;0;5;95,0;não;;não;1,93;;;;;;;;;;
07/11/2018;19,0;sim;23,0;sim;27,0;sim;1,1;sim;0;4;74,0;não;;não;3,14;;;;;;;0,0;;;
06/11/2018;19,0;sim;23,0;sim;27,0;sim;3,0;sim;0;3;72,0;não;;não;3,13;;;;;;;0,0;;;
05/11/2018;19,0;sim;23,0;sim;27,0;sim;0,0;sim;1;2;75,0;não;;não;3,13;;;;;1,0;;0,0;;;
04/11/2018;20,0;sim;24,5;sim;29,0;sim;3,03;sim;0;1;;não;;não;3,72;;;;;;;;;;
03/11/2018;20,0;sim;25,0;sim;30,0;sim;10,0;sim;0;0;66,0;não;;não;4,1;;;;;;95,0;0,0;;;
02/11/2018;21,0;sim;25,5;sim;30,0;sim;2,78;sim;0;14;71,0;não;21,0;não;3,97;;;;;;81,0;0,0;1,0;;
01/11/2018;20,0;sim;24,0;sim;28,0;sim;6,0;sim;0;13;58,0;não;;não;3,34;;;;;;75,0;0,0;;;
31/10/2018;16,0;sim;23,5;sim;31,0;sim;0,2;sim;5;12;53,0;não;;não;4,91;;;;;1,0;;0,0;;;
30/10/2018;14,0;sim;22,0;sim;30,0;sim;0,0;sim;4;11;73,0;não;;não;4,81;;;;;;70,0;0,0;1,0;;
29/10/2018;13,0;sim;19,5;sim;26,0;sim;0,0;sim;3;10;66,0;não;;não;3,44;;;;;1,0;57,0;0,0;;;
28/10/2018;15,0;sim;20,0;sim;25,0;sim;0,0;sim;2;9;;não;;não;2,87;;;;;;;;;;
27/10/2018;21,0;sim;23,0;sim;25,0;sim;0,8;sim;1;8;89,0;não;;não;2,26;;;;;;99,0;;1,0;;
26/10/2018;20,0;sim;23,5;sim;27,0;sim;8,0;sim;0;7;93,0;não;;não;2,97;;1,0;;;1,0;97,0;;0,0;;
25/10/2018;18,0;sim;21,5;sim;25,0;sim;5,3;sim;0;6;95,0;não;;não;2,54;;0,0;;;1,0;99,0;;0,0;;
24/10/2018;21,0;sim;23,0;sim;25,0;sim;1,58;sim;0;5;97,0;não;;não;2,25;;0,0;;;1,0;94,0;;0,0;;
23/10/2018;20,0;sim;26,0;sim;32,0;sim;0,0;sim;4;4;63,0;não;;não;4,81;;;;;1,0;65,0;0,0;1,0;;
22/10/2018;17,0;sim;22,5;sim;28,0;sim;0,0;sim;3;3;66,0;não;;não;3,64;;;;;;75,0;0,0;0,0;;
21/10/2018;15,0;sim;21,0;sim;27,0;sim;0,0;sim;2;2;;não;;não;3,52;;;;;;;;;;
20/10/2018;17,0;sim;22,0;sim;27,0;sim;0,0;sim;1;1;66,0;não;;não;3,27;;;;;;;0,0;;;
19/10/2018;22,0;sim;25,0;sim;28,0;sim;22,6;sim;0;0;89,0;não;;não;3,04;;;;;;82,0;49,0;;;
18/10/2018;19,0;sim;24,5;sim;30,0;sim;10,15;sim;0;0;79,0;não;;não;4,12;;;;;1,0;88,0;;;;
17/10/2018;22,0;sim;26,0;sim;30,0;sim;6,78;sim;0;2;99,0;não;;não;3,73;;2,0;;;1,0;95,0;;1,0;;
16/10/2018;19,0;sim;25,0;sim;31,0;sim;0,0;sim;1;1;73,0;não;;não;4,6;;;;;1,0;80,0;;1,0;;
15/10/2018;21,0;sim;25,0;sim;29,0;sim;22,48;sim;0;0;94,0;não;;não;3,48;;;;;1,0;;0,0;;;
14/10/2018;21,0;sim;25,0;sim;29,0;sim;0,18;sim;1;4;;não;;não;3,47;;;;;;;;;;
13/10/2018;21,0;sim;26,0;sim;31,0;sim;1,58;sim;0;3;65,0;não;;não;4,22;;;;;1,0;;;;;
12/10/2018;20,0;sim;23,5;sim;27,0;sim;0,0;sim;2;2;60,0;não;;não;2,9;;;;;;86,0;0,0;1,0;;
11/10/2018;19,0;sim;24,5;sim;30,0;sim;0,45;sim;1;1;89,0;não;;não;4,07;;;;;;87,0;;;;
10/10/2018;20,0;sim;24,5;sim;29,0;sim;34,38;sim;0;0;87,0;não;;não;3,56;;;;;1,0;96,0;;0,0;;
09/10/2018;20,0;sim;24,0;sim;28,0;sim;14,83;sim;0;0;87,0;não;;não;3,21;;;;;1,0;85,0;;0,0;;
08/10/2018;20,0;sim;24,0;sim;28,0;sim;12,23;sim;0;0;98,0;não;;não;3,2;;;;;1,0;92,0;0,0;1,0;;
07/10/2018;20,0;sim;24,5;sim;29,0;sim;0,38;sim;3;17;;não;;não;3,54;;;;;;;;;;
06/10/2018;16,0;sim;21,5;sim;27,0;sim;0,0;sim;2;16;76,0;não;;não;3,3;;;;;1,0;83,0;0,0;;;
05/10/2018;20,0;sim;24,5;sim;29,0;sim;0,0;sim;1;15;74,0;não;;não;3,53;;;;;1,0;78,0;0,0;;;
04/10/2018;20,0;sim;25,0;sim;30,0;sim;3,7;sim;0;14;79,0;não;;não;3,89;;;;;;76,0;;;;
03/10/2018;23,0;sim;28,0;sim;33,0;sim;5,1;sim;0;13;57,0;não;;não;4,81;;;;;1,0;79,0;0,0;;;
02/10/2018;21,0;sim;26,0;sim;31,0;sim;0,18;sim;2;12;66,0;não;;não;4,13;;;;;1,0;64,0;0,0;1,0;;
01/10/2018;21,0;sim;24,0;sim;27,0;sim;0,2;sim;1;11;81,0;não;;não;2,73;;;;;;83,0;0,0;1,0;;
30/09/2018;20,0;sim;22,5;sim;25,0;sim;2,95;sim;0;10;;não;;não;2,24;;;;;;;;;;
29/09/2018;21,0;sim;26,5;sim;32,0;sim;1,6;sim;0;9;69,0;não;;não;4,71;;;;;;74,0;;0,0;;
28/09/2018;19,0;sim;24,0;sim;29,0;sim;0,15;sim;1;8;89,0;não;;não;3,6;;;;;0,0;87,0;0,0;;;
27/09/2018;18,0;sim;23,5;sim;29,0;sim;2,33;sim;0;7;74,0;não;;não;3,71;;;;;1,0;83,0;;1,0;;
26/09/2018;22,0;sim;27,5;sim;33,0;sim;0,3;sim;1;6;69,0;não;;não;4,91;;;;;;67,0;;0,0;;
25/09/2018;19,0;sim;27,0;sim;35,0;sim;3,38;sim;0;5;55,0;não;;não;5,67;;;;;;74,0;0,0;;;
24/09/2018;18,0;sim;25,5;sim;33,0;sim;0,0;sim;3;4;39,0;não;;não;5,29;;;;;1,0;41,0;0,0;;;
23/09/2018;17,0;sim;24,5;sim;32,0;sim;0,0;sim;2;3;;não;;não;5,11;;;;;;;;;;
22/09/2018;15,0;sim;21,5;sim;28,0;sim;0,0;sim;1;2;64,0;não;;não;3,68;;;;;1,0;56,0;0,0;1,0;;
21/09/2018;17,0;sim;24,0;sim;31,0;sim;2,5;sim;0;1;90,0;não;;não;4,81;;;;;;;;;;
20/09/2018;18,0;sim;24,5;sim;31,0;sim;28,43;sim;0;0;91,0;não;;não;4,71;;0,0;;;;99,0;6,0;;;
19/09/2018;17,0;sim;23,0;sim;29,0;sim;0,1;sim;2;2;74,0;não;;não;3,77;;;;;1,0;70,0;;;;
18/09/2018;16,0;sim;20,5;sim;25,0;sim;0,9;sim;1;1;91,0;não;;não;2,56;;;;;1,0;94,0;;1,0;;
17/09/2018;18,0;sim;19,0;sim;20,0;sim;22,08;sim;0;0;97,0;não;;não;1,19;;;;;1,0;97,0;0,0;;;
16/09/2018;10,0;sim;16,5;sim;23,0;sim;0,1;sim;2;2;;não;;não;2,55;;;;;;;;;;
15/09/2018;18,0;sim;21,0;sim;24,0;sim;0,0;sim;1;1;96,0;não;;não;2,08;;1,0;;06:00:00;0,0;93,0;;0,0;;
14/09/2018;19,0;sim;26,0;sim;33,0;sim;14,33;sim;0;0;85,0;não;;não;5,2;;0,0;;;;97,0;;1,0;;
13/09/2018;14,0;sim;21,5;sim;29,0;sim;0,8;sim;19;19;68,0;não;;não;4,1;;;;;;55,0;0,0;;;
12/09/2018;17,0;sim;23,0;sim;29,0;sim;0,0;sim;18;18;60,0;não;;não;3,72;;;;;;;0,0;;;
11/09/2018;17,0;sim;24,0;sim;31,0;sim;0,0;sim;17;17;56,0;não;;não;4,81;;;;;1,0;60,0;0,0;;;
10/09/2018;16,0;sim;23,0;sim;30,0;sim;0,0;sim;16;16;56,0;não;;não;4,6;;;;;1,0;47,0;0,0;;;
09/09/2018;17,0;sim;24,0;sim;31,0;sim;0,0;sim;15;15;;não;;não;4,81;;;;;;;;;;
08/09/2018;18,0;sim;25,0;sim;32,0;sim;0,0;sim;14;14;39,0;não;;não;5,01;;;;;;44,0;0,0;1,0;;
07/09/2018;15,0;sim;22,5;sim;30,0;sim;0,0;sim;13;13;49,0;não;;não;4,71;;;;;;;0,0;;;
06/09/2018;11,0;sim;19,0;sim;27,0;sim;0,0;sim;12;12;53,0;não;;não;3,67;;;;;;46,0;0,0;;;
05/09/2018;12,0;sim;17,5;sim;23,0;sim;0,0;sim;11;11;62,0;não;;não;2,31;;;;;;74,0;0,0;;;
04/09/2018;11,0;sim;15,0;sim;19,0;sim;0,0;sim;10;10;92,0;não;;não;1,42;;;;;1,0;84,0;;;;
03/09/2018;16,0;sim;21,0;sim;26,0;sim;0,43;sim;9;9;83,0;não;;não;2,78;;;;;1,0;;0,0;;;
02/09/2018;23,0;sim;27,0;sim;31,0;sim;0,0;sim;8;8;;não;;não;3,64;;;;;;;;;;
01/09/2018;22,0;sim;26,0;sim;30,0;sim;0,0;sim;7;7;40,0;não;;não;3,41;;;;;;;0,0;;;
31/08/2018;18,0;sim;24,0;sim;30,0;sim;0,0;sim;6;6;45,0;não;;não;3,87;;;;;1,0;61,0;0,0;1,0;;
30/08/2018;18,0;sim;23,5;sim;29,0;sim;0,0;sim;5;5;59,0;não;;não;3,51;;9,0;;;;56,0;0,0;1,0;;
29/08/2018;17,0;sim;22,5;sim;28,0;sim;0,0;sim;4;4;64,0;não;;não;3,27;;;;;1,0;53,0;0,0;1,0;;
28/08/2018;17,0;sim;22,5;sim;28,0;sim;0,0;sim;3;3;66,0;não;;não;3,27;;;;;;71,0;0,0;0,0;;
27/08/2018;15,0;sim;20,0;sim;25,0;sim;0,0;sim;2;2;84,0;não;;não;2,54;;;;;;76,0;0,0;;;
26/08/2018;14,0;sim;16,0;sim;18,0;sim;0,08;sim;1;1;;não;;não;1,02;;;;;;;;;;
25/08/2018;17,0;sim;20,0;sim;23,0;sim;22,75;sim;0;0;97,0;não;;não;1,83;;0,0;;;;92,0;;0,0;;
24/08/2018;16,0;sim;23,5;sim;31,0;sim;3,68;sim;0;15;46,0;não;;não;4,91;;;;;;76,0;0,0;1,0;;
23/08/2018;18,0;sim;23,5;sim;29,0;sim;0,93;sim;1;14;51,0;não;;não;3,46;;;;;;56,0;0,0;1,0;;
22/08/2018;18,0;sim;23,0;sim;28,0;sim;1,65;sim;0;13;46,0;não;;não;3,12;;;;;;69,0;0,0;0,0;;
21/08/2018;15,0;sim;22,0;sim;29,0;sim;0,0;sim;6;12;46,0;não;;não;3,79;;;;;;56,0;0,0;0,0;;
20/08/2018;15,0;sim;19,5;sim;24,0;sim;0,0;sim;5;11;52,0;não;;não;2,23;;;;;;56,0;0,0;0,0;;
19/08/2018;14,0;sim;20,5;sim;27,0;sim;0,0;sim;4;10;;não;;não;3,21;;;;;;;;;;
18/08/2018;15,0;sim;20,5;sim;26,0;sim;0,0;sim;3;9;73,0;não;;não;2,79;;;;;;75,0;0,0;0,0;;
17/08/2018;14,0;sim;20,0;sim;26,0;sim;0,0;sim;2;8;76,0;não;;não;2,88;;;;;1,0;78,0;0,0;;;
16/08/2018;17,0;sim;22,0;sim;27,0;sim;0,93;sim;1;7;76,0;não;;não;2,88;;;;;;79,0;0,0;;;
15/08/2018;14,0;sim;20,0;sim;26,0;sim;2,63;sim;0;6;45,0;não;14,0;não;2,87;;;;;1,0;;0,0;;;
14/08/2018;10,0;sim;18,5;sim;27,0;sim;0,0;sim;5;5;53,0;não;;não;3,62;;;;;1,0;71,0;0,0;0,0;;
13/08/2018;11,0;sim;17,5;sim;24,0;sim;0,0;sim;4;4;68,0;não;;não;2,57;;;;;1,0;56,0;0,0;1,0;;
12/08/2018;12,0;sim;18,0;sim;24,0;sim;0,0;sim;3;3;;não;;não;2,47;;;;;;;;;;
11/08/2018;10,0;sim;16,0;sim;22,0;sim;0,0;sim;2;2;72,0;não;;não;2,11;;;;;1,0;72,0;0,0;0,0;;
10/08/2018;10,0;sim;15,0;sim;20,0;sim;0,0;sim;1;1;79,0;não;;não;1,63;;;;;1,0;75,0;0,0;1,0;;
09/08/2018;17,0;sim;20,5;sim;24,0;sim;16,5;sim;0;0;88,0;não;;não;2,02;;;;;1,0;86,0;9,0;;;
08/08/2018;15,0;sim;20,5;sim;26,0;sim;0,85;sim;1;2;74,0;não;;não;2,73;;;;;;79,0;0,0;1,0;;
07/08/2018;14,0;sim;18,0;sim;22,0;sim;4,05;sim;0;1;94,0;não;;não;1,77;;;;;1,0;87,0;;0,0;;
06/08/2018;15,0;sim;18,5;sim;22,0;sim;45,08;sim;0;0;94,0;não;;não;1,69;;;;;1,0;97,0;0,0;1,0;;
05/08/2018;17,0;sim;20,5;sim;24,0;sim;10,6;sim;0;0;;não;;não;2,0;;;;;;;;;;
04/08/2018;16,0;sim;19,5;sim;23,0;sim;36,98;sim;0;0;94,0;não;;não;1,84;;;;;1,0;;;;;
03/08/2018;14,0;sim;18,5;sim;23,0;sim;40,23;sim;0;0;97,0;não;;não;1,99;;0,0;;;1,0;94,0;;1,0;;
02/08/2018;13,0;sim;18,0;sim;23,0;sim;2,7;sim;0;75;85,0;não;;não;2,07;;;;;1,0;78,0;;1,0;;
01/08/2018;13,0;sim;18,5;sim;24,0;sim;0,3;sim;1;74;83,0;não;;não;2,33;;;;;1,0;83,0;0,0;;;
31/07/2018;18,0;sim;22,0;sim;26,0;sim;7,0;sim;0;73;94,0;não;;não;2,42;;;;;;86,0;;;;
30/07/2018;17,0;sim;23,5;sim;30,0;sim;0,95;sim;53;72;45,0;não;;não;3,76;;;;;1,0;60,0;0,0;0,0;;
29/07/2018;17,0;sim;24,0;sim;31,0;sim;0,0;sim;52;71;;não;;não;4,81;;;;;;;;;;
28/07/2018;16,0;sim;22,5;sim;29,0;sim;0,0;sim;51;70;47,0;não;13,0;não;3,52;;;;;;68,0;0,0;0,0;;
27/07/2018;16,0;sim;22,0;sim;28,0;sim;0,0;sim;50;69;54,0;não;;não;3,18;;;;;1,0;63,0;0,0;1,0;;
26/07/2018;14,0;sim;20,5;sim;27,0;sim;0,0;sim;49;68;58,0;não;;não;3,07;;;;;;63,0;0,0;1,0;;
25/07/2018;15,0;sim;20,5;sim;26,0;sim;0,0;sim;48;67;65,0;não;;não;2,67;;;;;;67,0;0,0;0,0;;
24/07/2018;16,0;sim;21,5;sim;27,0;sim;0,0;sim;47;66;59,0;não;;não;2,86;;;;;0,0;73,0;0,0;;;
23/07/2018;17,0;sim;22,5;sim;28,0;sim;0,0;sim;46;65;58,0;não;;não;3,06;;;;;;60,0;0,0;0,0;;
22/07/2018;13,0;sim;19,5;sim;26,0;sim;0,18;sim;45;64;;não;;não;2,85;;;;;;;;;;
21/07/2018;17,0;sim;23,0;sim;29,0;sim;0,0;sim;44;63;61,0;não;;não;3,37;;;;;1,0;67,0;0,0;0,0;;
20/07/2018;17,0;sim;23,5;sim;30,0;sim;0,0;sim;43;62;61,0;não;;não;3,7;;;;;;72,0;0,0;1,0;;
19/07/2018;19,0;sim;23,5;sim;28,0;sim;0,0;sim;42;61;60,0;não;;não;2,84;;;;;;70,0;0,0;1,0;;
18/07/2018;16,0;sim;21,5;sim;27,0;sim;0,0;sim;41;60;59,0;não;;não;2,84;;;;;;72,0;0,0;0,0;;
17/07/2018;15,0;sim;21,5;sim;28,0;sim;0,0;sim;40;59;49,0;não;;não;3,25;;;;;1,0;60,0;0,0;0,0;;
16/07/2018;15,0;sim;21,5;sim;28,0;sim;0,0;sim;39;58;53,0;não;;não;3,24;;;;;1,0;59,0;0,0;1,0;;
15/07/2018;14,0;sim;21,0;sim;28,0;sim;0,0;sim;38;57;;não;;não;3,35;;;;;;;;;;
14/07/2018;13,0;sim;20,0;sim;27,0;sim;0,0;sim;37;56;45,0;não;;não;3,13;;;;;0,0;61,0;0,0;0,0;;
13/07/2018;10,0;sim;17,5;sim;25,0;sim;0,0;sim;36;55;55,0;não;;não;2,82;;;;;1,0;70,0;0,0;0,0;;
12/07/2018;9,0;sim;15,5;sim;22,0;sim;0,03;sim;35;54;72,0;não;;não;2,1;;;;;1,0;71,0;0,0;1,0;;
11/07/2018;9,0;sim;14,5;sim;20,0;sim;0,58;sim;34;53;67,0;não;;não;1,63;;;;;;63,0;0,0;;;
10/07/2018;12,0;sim;15,5;sim;19,0;sim;0,65;sim;33;52;92,0;não;;não;1,23;;;;;;63,0;0,0;;;
09/07/2018;11,0;sim;18,5;sim;26,0;sim;0,0;sim;32;51;63,0;não;;não;3,01;;;;;0,0;69,0;0,0;;;
08/07/2018;13,0;sim;20,0;sim;27,0;sim;0,0;sim;31;50;;não;;não;3,11;;;;;;;;;;
07/07/2018;16,0;sim;22,0;sim;28,0;sim;0,0;sim;30;49;55,0;não;;não;3,11;;;;;;68,0;0,0;0,0;;
06/07/2018;15,0;sim;21,5;sim;28,0;sim;0,0;sim;29;48;65,0;não;;não;3,21;;;;;1,0;67,0;0,0;0,0;;
05/07/2018;13,0;sim;20,0;sim;27,0;sim;0,0;sim;28;47;57,0;não;;não;3,1;;;;;;70,0;0,0;1,0;;
04/07/2018;16,0;sim;22,0;sim;28,0;sim;0,0;sim;27;46;66,0;não;;não;3,1;;;;;1,0;71,0;0,0;0,0;;
03/07/2018;13,0;sim;20,5;sim;28,0;sim;0,0;sim;26;45;59,0;não;;não;3,42;;;;;0,0;67,0;0,0;1,0;;
02/07/2018;17,0;sim;22,5;sim;28,0;sim;0,0;sim;25;44;55,0;não;;não;3,0;;;;;1,0;69,0;0,0;0,0;;
01/07/2018;16,0;sim;21,5;sim;27,0;sim;0,0;sim;24;43;;não;;não;2,8;;;;;;;;;;
30/06/2018;16,0;sim;21,5;sim;27,0;sim;0,0;sim;23;42;;não;;não;2,8;;;;;;70,0;;0,0;;
29/06/2018;16,0;sim;21,5;sim;27,0;sim;0,0;sim;22;41;55,0;não;;não;2,8;;;;;;66,0;0,0;1,0;;
28/06/2018;13,0;sim;20,0;sim;27,0;sim;0,0;sim;21;40;58,0;não;;não;3,09;;;;;1,0;63,0;0,0;1,0;;
27/06/2018;12,0;sim;19,5;sim;27,0;sim;0,0;sim;20;39;48,0;não;14,0;não;3,2;;;;;;67,0;0,0;1,0;;
26/06/2018;12,0;sim;20,0;sim;28,0;sim;0,0;sim;19;38;44,0;não;;não;3,52;;;;;1,0;66,0;0,0;0,0;;
25/06/2018;16,0;sim;21,5;sim;27,0;sim;0,0;sim;18;37;51,0;não;;não;2,79;;;;;;62,0;0,0;1,0;;
24/06/2018;17,0;sim;22,0;sim;27,0;sim;0,0;sim;17;36;;não;;não;2,7;;;;;;;;;;
23/06/2018;16,0;sim;21,5;sim;27,0;sim;0,0;sim;16;35;;não;;não;2,79;;;;;;49,0;;0,0;;
22/06/2018;13,0;sim;19,5;sim;26,0;sim;0,0;sim;15;34;65,0;não;;não;2,79;;;;;1,0;67,0;0,0;0,0;;
21/06/2018;15,0;sim;20,5;sim;26,0;sim;0,0;sim;14;33;61,0;não;;não;2,6;;;;;1,0;76,0;0,0;0,0;;
20/06/2018;15,0;sim;20,0;sim;25,0;sim;0,0;sim;13;32;71,0;não;;não;2,33;;;;;;81,0;0,0;1,0;;
19/06/2018;15,0;sim;20,0;sim;25,0;sim;0,0;sim;12;31;76,0;não;;não;2,33;;8,0;;;;80,0;0,0;0,0;;
18/06/2018;15,0;sim;19,0;sim;23,0;sim;0,0;sim;11;30;87,0;não;;não;1,84;;;;;1,0;81,0;0,0;0,0;;
17/06/2018;15,0;sim;19,5;sim;24,0;sim;0,0;sim;10;29;;não;;não;2,08;;;;;;;;;;
16/06/2018;16,0;sim;20,0;sim;24,0;sim;0,0;sim;9;28;91,0;não;;não;1,99;;;;;1,0;84,0;0,0;;;
15/06/2018;17,0;sim;20,5;sim;24,0;sim;0,0;sim;8;27;79,0;não;;não;1,92;;;;;1,0;86,0;0,0;;;
14/06/2018;18,0;sim;21,5;sim;25,0;sim;0,0;sim;7;26;88,0;não;;não;2,08;;;;;1,0;86,0;0,0;1,0;;
13/06/2018;18,0;sim;22,5;sim;27,0;sim;0,28;sim;6;25;87,0;não;;não;2,61;;;;;1,0;;0,0;;;
12/06/2018;19,0;sim;24,0;sim;29,0;sim;0,5;sim;5;24;67,0;não;;não;3,1;;;;;;77,0;0,0;0,0;;
11/06/2018;15,0;sim;21,5;sim;28,0;sim;0,7;sim;4;23;83,0;não;;não;3,2;;;;;1,0;84,0;0,0;0,0;;
10/06/2018;19,0;sim;23,0;sim;27,0;sim;0,2;sim;3;22;;não;;não;2,52;;;;;;;;;;
09/06/2018;14,0;sim;20,0;sim;26,0;sim;0,83;sim;2;21;70,0;não;;não;2,71;;;;;;87,0;0,0;1,0;;
08/06/2018;13,0;sim;17,5;sim;22,0;sim;0,13;sim;1;20;86,0;não;14,0;não;1,77;;0,0;;;1,0;91,0;0,0;0,0;;
07/06/2018;15,0;sim;19,5;sim;24,0;sim;2,7;sim;0;19;88,0;não;;não;2,09;;;;;1,0;;0,0;;;
06/06/2018;16,0;sim;20,5;sim;25,0;sim;0,0;sim;3;18;96,0;não;;não;2,26;;;;;0,0;93,0;;0,0;;
05/06/2018;14,0;sim;19,0;sim;24,0;sim;0,05;sim;2;17;83,0;não;15,0;não;2,17;;;;;1,0;86,0;0,0;1,0;;
04/06/2018;14,0;sim;19,0;sim;24,0;sim;0,18;sim;1;16;82,0;não;;não;2,17;;;;;1,0;79,0;0,0;1,0;;
03/06/2018;17,0;sim;21,0;sim;25,0;sim;1,35;sim;0;15;;não;;não;2,18;;;;;;;;;;
02/06/2018;16,0;sim;21,5;sim;27,0;sim;0,03;sim;14;14;53,0;não;;não;2,82;;;;;1,0;78,0;0,0;0,0;;
01/06/2018;15,0;sim;20,5;sim;26,0;sim;0,0;sim;13;13;52,0;não;;não;2,63;;;;;;;0,0;;;
31/05/2018;14,0;sim;19,5;sim;25,0;sim;0,0;sim;12;12;;não;;não;2,45;;;;;;;;;;
30/05/2018;14,0;sim;19,5;sim;25,0;sim;0,0;sim;11;11;;não;;não;2,45;;;;;;;;;;
29/05/2018;14,0;sim;19,5;sim;25,0;sim;0,0;sim;10;10;66,0;não;;não;2,45;;;;;;75,0;0,0;1,0;;
28/05/2018;11,0;sim;17,0;sim;23,0;sim;0,0;sim;9;9;71,0;não;;não;2,19;;;;;;75,0;0,0;0,0;;
27/05/2018;14,0;sim;19,5;sim;25,0;sim;0,0;sim;8;8;;não;;não;2,46;;;;;;;;;;
26/05/2018;14,0;sim;19,5;sim;25,0;sim;0,0;sim;7;7;68,0;não;;não;2,46;;;;;;73,0;0,0;1,0;;
25/05/2018;15,0;sim;20,5;sim;26,0;sim;0,0;sim;6;6;72,0;não;;não;2,65;;;;;1,0;73,0;0,0;1,0;;
24/05/2018;13,0;sim;19,0;sim;25,0;sim;0,0;sim;5;5;62,0;não;;não;2,56;;;;;1,0;;0,0;;;
23/05/2018;12,0;sim;18,0;sim;24,0;sim;0,0;sim;4;4;62,0;não;;não;2,38;;;;;1,0;60,0;0,0;;;
22/05/2018;10,0;sim;16,5;sim;23,0;sim;0,0;sim;3;3;63,0;não;;não;2,29;;;;;1,0;80,0;0,0;0,0;;
21/05/2018;8,0;sim;14,5;sim;21,0;sim;0,0;sim;2;2;55,0;não;;não;1,96;;;;;1,0;84,0;0,0;0,0;;
20/05/2018;10,0;sim;14,5;sim;19,0;sim;0,03;sim;1;1;;não;;não;1,38;;;;;;;;;;
19/05/2018;18,0;sim;21,0;sim;24,0;sim;21,68;sim;0;0;;não;;não;1,89;;;;;;88,0;;;;
18/05/2018;17,0;sim;22,5;sim;28,0;sim;0,0;sim;28;57;79,0;não;18,0;não;3,07;;;;;1,0;78,0;0,0;1,0;;
17/05/2018;17,0;sim;22,5;sim;28,0;sim;0,23;sim;27;56;81,0;não;;não;3,08;;;;;1,0;80,0;0,0;1,0;;
16/05/2018;17,0;sim;22,5;sim;28,0;sim;0,0;sim;26;55;86,0;não;;não;3,08;;;;;0,0;91,0;;0,0;;
15/05/2018;18,0;sim;22,5;sim;27,0;sim;0,08;sim;25;54;86,0;não;;não;2,69;;;;;;82,0;;1,0;;
14/05/2018;16,0;sim;22,0;sim;28,0;sim;0,0;sim;24;53;75,0;não;;não;3,2;;;;;;;0,0;;;
13/05/2018;16,0;sim;21,0;sim;26,0;sim;0,15;sim;23;52;;não;;não;2,6;;;;;;;;;;
12/05/2018;17,0;sim;21,5;sim;26,0;sim;0,0;sim;22;51;79,0;não;;não;2,51;;;;;0,0;86,0;0,0;0,0;;
11/05/2018;16,0;sim;21,5;sim;27,0;sim;0,1;sim;21;50;63,0;não;;não;2,9;;;;;1,0;73,0;0,0;1,0;;
10/05/2018;15,0;sim;20,5;sim;26,0;sim;0,03;sim;20;49;63,0;não;;não;2,71;;;;;;83,0;0,0;1,0;;
09/05/2018;16,0;sim;21,5;sim;27,0;sim;0,0;sim;19;48;72,0;não;;não;2,91;;;;;1,0;;0,0;;;
08/05/2018;17,0;sim;22,0;sim;27,0;sim;0,0;sim;18;47;74,0;não;16,0;não;2,82;;;;;1,0;73,0;0,0;1,0;;
07/05/2018;17,0;sim;22,0;sim;27,0;sim;0,0;sim;17;46;73,0;não;;não;2,82;;;;;1,0;73,0;0,0;;;
06/05/2018;18,0;sim;23,5;sim;29,0;sim;0,15;sim;16;45;;não;;não;3,35;;;;;;;;;;
05/05/2018;19,0;sim;24,0;sim;29,0;sim;0,0;sim;15;44;58,0;não;;não;3,25;;9,0;;;;70,0;0,0;0,0;;
04/05/2018;16,0;sim;22,0;sim;28,0;sim;0,0;sim;14;43;51,0;não;;não;3,25;;9,0;;;;62,0;0,0;0,0;;
03/05/2018;17,0;sim;22,5;sim;28,0;sim;0,0;sim;13;42;53,0;não;;não;3,15;;;;;;;0,0;;;
02/05/2018;15,0;sim;22,0;sim;29,0;sim;0,0;sim;12;41;58,0;não;;não;3,71;;;;;;70,0;0,0;0,0;;
01/05/2018;19,0;sim;24,5;sim;30,0;sim;0,0;sim;11;40;59,0;não;;não;3,61;;;;;0,0;72,0;0,0;1,0;;
30/04/2018;18,0;sim;22,5;sim;27,0;sim;0,0;sim;10;39;56,0;não;;não;2,76;;;;;1,0;75,0;0,0;0,0;;
29/04/2018;18,0;sim;22,5;sim;27,0;sim;0,0;sim;9;38;;não;;não;2,76;;;;;;;;;;
28/04/2018;18,0;sim;23,5;sim;29,0;sim;0,0;sim;8;37;67,0;não;;não;3,4;;;;;1,0;;0,0;;;
27/04/2018;16,0;sim;22,5;sim;29,0;sim;0,0;sim;7;36;62,0;não;;não;3,63;;;;;;76,0;0,0;0,0;;
26/04/2018;18,0;sim;23,0;sim;28,0;sim;0,0;sim;6;35;66,0;não;17,0;não;3,09;;;;;1,0;78,0;0,0;0,0;;
25/04/2018;17,0;sim;22,5;sim;28,0;sim;0,0;sim;5;34;68,0;não;;não;3,2;;;;;;77,0;0,0;0,0;;
24/04/2018;17,0;sim;22,5;sim;28,0;sim;0,0;sim;4;33;68,0;não;;não;3,21;;8,0;;;;73,0;0,0;0,0;;
23/04/2018;17,0;sim;22,5;sim;28,0;sim;0,0;sim;3;32;67,0;não;;não;3,21;;;;;1,0;71,0;0,0;1,0;;
22/04/2018;17,0;sim;22,0;sim;27,0;sim;0,0;sim;2;31;;não;;não;2,9;;;;;;;;;;
21/04/2018;16,0;sim;21,0;sim;26,0;sim;0,0;sim;1;30;62,0;não;;não;2,71;;;;;1,0;;0,0;;;
20/04/2018;14,0;sim;20,5;sim;27,0;sim;1,03;sim;0;29;65,0;não;15,0;não;3,23;;;;;0,0;68,0;0,0;1,0;;
19/04/2018;14,0;sim;20,5;sim;27,0;sim;0,0;sim;17;28;67,0;não;;não;3,24;;;;;;73,0;0,0;1,0;;
18/04/2018;16,0;sim;21,0;sim;26,0;sim;0,0;sim;16;27;66,0;não;;não;2,72;;;;;;;0,0;;;
17/04/2018;16,0;sim;21,0;sim;26,0;sim;0,05;sim;15;26;74,0;não;;não;2,73;;;;;;75,0;0,0;1,0;;
16/04/2018;17,0;sim;20,5;sim;24,0;sim;0,38;sim;14;25;85,0;não;;não;2,09;;;;;;77,0;0,0;;;
15/04/2018;19,0;sim;22,5;sim;26,0;sim;0,13;sim;13;24;;não;;não;2,45;;;;;;;;;;
14/04/2018;20,0;sim;24,0;sim;28,0;sim;0,03;sim;12;23;73,0;não;;não;2,95;;;;;;76,0;0,0;1,0;;
13/04/2018;18,0;sim;23,5;sim;29,0;sim;0,8;sim;11;22;68,0;não;;não;3,5;;;;;1,0;;0,0;;;
12/04/2018;17,0;sim;22,0;sim;27,0;sim;0,0;sim;10;21;74,0;não;;não;2,96;;;;;1,0;81,0;0,0;1,0;;
11/04/2018;18,0;sim;23,5;sim;29,0;sim;0,0;sim;9;20;66,0;não;;não;3,52;;;;;;76,0;0,0;1,0;;
10/04/2018;18,0;sim;23,5;sim;29,0;sim;0,0;sim;8;19;70,0;não;;não;3,52;;9,0;;;;76,0;0,0;0,0;;
09/04/2018;19,0;sim;24,0;sim;29,0;sim;0,0;sim;7;18;70,0;não;;não;3,42;;;;;;81,0;0,0;0,0;;
08/04/2018;19,0;sim;24,0;sim;29,0;sim;0,0;sim;6;17;;não;;não;3,42;;;;;;;;;;
07/04/2018;18,0;sim;23,0;sim;28,0;sim;0,0;sim;5;16;73,0;não;;não;3,21;;;;;1,0;56,0;0,0;1,0;;
06/04/2018;19,0;sim;24,5;sim;30,0;sim;0,0;sim;4;15;76,0;não;;não;3,79;;;;;1,0;73,0;0,0;0,0;;
05/04/2018;19,0;sim;24,0;sim;29,0;sim;0,0;sim;3;14;71,0;não;;não;3,45;;;;;1,0;83,0;0,0;0,0;;
04/04/2018;19,0;sim;23,5;sim;28,0;sim;0,0;sim;2;13;89,0;não;;não;3,12;;;;;1,0;92,0;;1,0;;
03/04/2018;19,0;sim;23,5;sim;28,0;sim;0,0;sim;1;12;91,0;não;;não;3,12;;3,0;;;1,0;96,0;;1,0;;
02/04/2018;20,0;sim;24,0;sim;28,0;sim;2,0;sim;0;11;92,0;não;;não;3,02;;;;;1,0;;0,0;;;
01/04/2018;20,0;sim;22,5;sim;25,0;sim;3,73;sim;0;10;;não;;não;2,15;;;;;;;;;;
31/03/2018;20,0;sim;23,5;sim;27,0;sim;0,83;sim;5;9;71,0;não;;não;2,72;;;;;1,0;;0,0;;;
30/03/2018;19,0;sim;24,5;sim;30,0;sim;0,03;sim;4;8;71,0;não;;não;3,85;;;;;;76,0;;0,0;;
29/03/2018;19,0;sim;24,0;sim;29,0;sim;0,98;sim;3;7;71,0;não;;não;3,5;;;;;1,0;;0,0;;;
28/03/2018;20,0;sim;25,0;sim;30,0;sim;0,0;sim;2;6;72,0;não;;não;3,74;;;;;1,0;;0,0;;;
27/03/2018;20,0;sim;24,5;sim;29,0;sim;0,48;sim;1;5;77,0;não;;não;3,39;;;;;;85,0;;;;
26/03/2018;20,0;sim;24,5;sim;29,0;sim;5,23;sim;0;4;75,0;não;;não;3,4;;;;;1,0;93,0;0,0;;;
25/03/2018;20,0;sim;24,5;sim;29,0;sim;0,0;sim;2;3;;não;;não;3,41;;;;;;;;;;
24/03/2018;21,0;sim;26,5;sim;32,0;sim;0,0;sim;1;2;75,0;não;;não;4,71;;;;;;74,0;;1,0;;
23/03/2018;21,0;sim;25,5;sim;30,0;sim;1,1;sim;0;1;78,0;não;;não;3,66;;;;;1,0;88,0;0,0;1,0;;
22/03/2018;21,0;sim;26,0;sim;31,0;sim;19,23;sim;0;0;84,0;não;;não;4,03;;;;;1,0;82,0;;;;
21/03/2018;22,0;sim;26,0;sim;30,0;sim;36,88;sim;0;0;84,0;não;;não;3,55;;7,0;;06:00:00;1,0;98,0;35,0;1,0;;
20/03/2018;22,0;sim;26,0;sim;30,0;sim;7,43;sim;0;4;74,0;não;;não;3,56;;4,0;;;1,0;95,0;0,0;1,0;;
19/03/2018;21,0;sim;25,0;sim;29,0;sim;1,23;sim;0;3;67,0;não;;não;3,34;;;;;1,0;84,0;0,0;1,0;;
18/03/2018;21,0;sim;26,0;sim;31,0;sim;0,0;sim;1;2;;não;;não;4,07;;;;;;;;;;
17/03/2018;22,0;sim;26,0;sim;30,0;sim;4,5;sim;0;1;77,0;não;;não;3,58;;4,0;;;1,0;82,0;;1,0;;
16/03/2018;23,0;sim;27,0;sim;31,0;sim;35,55;sim;0;0;85,0;não;;não;3,83;;;;;1,0;99,0;0,0;;;
15/03/2018;22,0;sim;26,0;sim;30,0;sim;2,23;sim;0;8;;não;;não;3,6;;;;;;;;;;
14/03/2018;21,0;sim;26,0;sim;31,0;sim;0,0;sim;1;7;;não;;não;4,1;;;;;;;;;;
13/03/2018;22,0;sim;26,0;sim;30,0;sim;3,73;sim;0;6;;não;;não;3,61;;;;;;;;;;
12/03/2018;21,0;sim;25,5;sim;30,0;sim;0,0;sim;2;5;;não;;não;3,74;;;;;;;;;;
11/03/2018;21,0;sim;25,0;sim;29,0;sim;0,0;sim;1;4;;não;;não;3,39;;;;;;;;;;
10/03/2018;21,0;sim;25,5;sim;30,0;sim;4,93;sim;0;3;;não;;não;3,75;;;;;;;;;;
09/03/2018;20,0;sim;25,0;sim;30,0;sim;0,0;sim;1;2;;não;;não;3,89;;;;;;;;;;
08/03/2018;19,0;sim;25,0;sim;31,0;sim;2,15;sim;0;1;;não;;não;4,6;;;;;;;;;;
07/03/2018;20,0;sim;25,5;sim;31,0;sim;11,25;sim;0;0;;não;;não;4,29;;;;;;;;;;
06/03/2018;22,0;sim;26,5;sim;31,0;sim;0,0;sim;5;5;;não;;não;4,04;;;;;;;;;;
05/03/2018;20,0;sim;25,0;sim;30,0;sim;0,0;sim;4;4;;não;;não;3,92;;;;;;;;;;
04/03/2018;21,0;sim;24,5;sim;28,0;sim;0,13;sim;3;3;;não;;não;3,09;;;;;;;;;;
03/03/2018;23,0;sim;26,5;sim;30,0;sim;0,28;sim;2;2;;não;;não;3,56;;;;;;;;;;
02/03/2018;22,0;sim;26,5;sim;31,0;sim;0,05;sim;1;1;;não;;não;4,07;;;;;;;;;;
01/03/2018;17,0;sim;24,0;sim;31,0;sim;12,4;sim;0;0;;não;;não;4,81;;;;;;;;;;
28/02/2018;17,0;sim;23,5;sim;30,0;sim;0,48;sim;1;1;77,0;não;;não;4,35;;;;;1,0;83,0;;0,0;;
27/02/2018;18,0;sim;21,0;sim;24,0;sim;13,03;sim;0;0;95,0;não;;não;2,2;;0,0;;;1,0;97,0;;1,0;;
26/02/2018;19,0;sim;21,5;sim;24,0;sim;11,2;sim;0;0;85,0;não;;não;2,12;;;;;1,0;98,0;0,0;1,0;;
25/02/2018;18,0;sim;23,5;sim;29,0;sim;0,05;sim;5;9;;não;;não;3,85;;;;;;;;;;
24/02/2018;18,0;sim;23,5;sim;29,0;sim;0,0;sim;4;8;;não;;não;3,86;;;;;;67,0;;;;
23/02/2018;19,0;sim;24,0;sim;29,0;sim;0,0;sim;3;7;77,0;não;;não;3,74;;;;;;67,0;6,0;;;
22/02/2018;18,0;sim;23,5;sim;29,0;sim;0,0;sim;2;6;75,0;não;;não;3,87;;;;;1,0;83,0;0,0;0,0;;
21/02/2018;19,0;sim;23,5;sim;28,0;sim;0,0;sim;1;5;90,0;não;;não;3,39;;;;;1,0;84,0;13,0;0,0;;
20/02/2018;19,0;sim;22,5;sim;26,0;sim;5,48;sim;0;4;95,0;não;;não;2,73;;;;;1,0;97,0;6,0;0,0;;
19/02/2018;18,0;sim;22,0;sim;26,0;sim;0,9;sim;1;3;79,0;não;;não;2,84;;;;;;93,0;0,0;0,0;;
18/02/2018;19,0;sim;22,5;sim;26,0;sim;3,23;sim;0;2;;não;;não;2,74;;;;;;;;;;
17/02/2018;17,0;sim;23,0;sim;29,0;sim;2,05;sim;0;1;73,0;não;;não;4,03;;;;;;79,0;4,0;0,0;;
16/02/2018;18,0;sim;23,5;sim;29,0;sim;11,0;sim;0;0;68,0;não;;não;3,91;;;;;;89,0;0,0;1,0;;
15/02/2018;21,0;não;23,5;sim;26,0;sim;6,1;sim;0;1;99,0;não;;não;2,55;;;;;1,0;78,0;;;;
14/02/2018;18,0;sim;20,0;sim;22,0;sim;31,25;sim;0;0;93,0;não;;não;1,73;;0,0;;;;91,0;;;;
13/02/2018;20,0;sim;24,0;sim;28,0;sim;0,0;sim;2;20;83,0;não;20,0;não;3,32;;;;;;;0,0;;;
12/02/2018;20,0;sim;24,5;sim;29,0;sim;0,38;sim;1;19;92,0;não;;não;3,68;;;;;;87,0;0,0;1,0;;
11/02/2018;21,0;sim;26,0;sim;31,0;sim;1,18;sim;0;18;;não;;não;4,34;;;;;;;;;;
10/02/2018;20,0;sim;24,0;sim;28,0;sim;5,08;sim;0;17;;não;;não;3,33;;;;;;88,0;;1,0;;
09/02/2018;19,0;sim;25,5;sim;32,0;sim;0,75;sim;5;16;64,0;não;19,0;não;4,91;;;;;;70,0;0,0;0,0;;
08/02/2018;16,0;sim;23,5;sim;31,0;sim;0,0;sim;4;15;54,0;não;;não;4,91;;;;;1,0;;0,0;;;
07/02/2018;16,0;sim;22,5;sim;29,0;sim;0,0;sim;3;14;69,0;não;;não;4,23;;;;;0,0;68,0;0,0;1,0;;
06/02/2018;23,0;não;25,0;sim;27,0;sim;0,63;sim;2;13;82,0;não;;não;2,69;;;;;1,0;75,0;;0,0;;
05/02/2018;17,0;sim;22,0;sim;27,0;sim;0,0;sim;1;12;68,0;não;;não;3,36;;;;;1,0;86,0;0,0;;;
04/02/2018;17,0;sim;22,5;sim;28,0;sim;1,13;sim;0;11;;não;;não;3,73;;;;;;;;;;
03/02/2018;18,0;sim;24,0;sim;30,0;sim;0,15;sim;4;10;69,0;não;18,0;não;4,4;;;;;;;0,0;;;
02/02/2018;18,0;sim;23,0;sim;28,0;sim;0,0;sim;3;9;69,0;não;;não;3,62;;;;;1,0;;0,0;;;
01/02/2018;17,0;sim;23,0;sim;29,0;sim;0,0;sim;2;8;67,0;não;;não;4,14;;;;;1,0;;0,0;;;
31/01/2018;17,0;sim;22,0;sim;27,0;sim;0,0;sim;1;7;71,0;não;;não;3,38;;;;;;;0,0;;;
30/01/2018;20,0;sim;22,5;sim;25,0;sim;2,55;sim;0;6;97,0;não;;não;2,41;;;;;;;;;;
29/01/2018;20,0;sim;24,0;sim;28,0;sim;3,7;sim;0;5;98,0;não;;não;3,39;;;;;1,0;;0,0;;;
28/01/2018;20,0;sim;24,5;sim;29,0;sim;7,88;sim;0;4;;não;;não;3,77;;;;;;;;;;
27/01/2018;19,0;sim;24,0;sim;29,0;sim;0,45;sim;1;3;72,0;não;;não;3,9;;;;;1,0;80,0;;1,0;;
26/01/2018;20,0;sim;25,0;sim;30,0;sim;2,6;sim;0;2;71,0;não;;não;4,17;;;;;1,0;88,0;0,0;1,0;;
25/01/2018;20,0;sim;25,5;sim;31,0;sim;9,95;sim;0;1;68,0;não;;não;4,59;;;;;1,0;80,0;;;;
24/01/2018;19,0;sim;24,5;sim;30,0;sim;12,28;sim;0;0;69,0;não;20,0;não;4,32;;;;;1,0;81,0;;1,0;;
23/01/2018;21,0;sim;26,5;sim;32,0;sim;2,88;sim;0;7;61,0;não;;não;4,71;;;;;1,0;71,0;0,0;;;
22/01/2018;21,0;sim;26,0;sim;31,0;sim;1,95;sim;0;6;58,0;não;;não;4,47;;;;;;76,0;0,0;1,0;;
21/01/2018;21,0;sim;25,5;sim;30,0;sim;2,78;sim;0;5;;não;;não;4,06;;;;;;;;;;
20/01/2018;20,0;sim;25,5;sim;31,0;sim;2,35;sim;0;4;75,0;não;20,0;não;4,62;;;;;1,0;79,0;;0,0;;
19/01/2018;19,0;sim;24,5;sim;30,0;sim;9,15;sim;0;3;70,0;não;;não;4,34;;5,0;;;1,0;79,0;;0,0;;
18/01/2018;20,0;sim;25,5;sim;31,0;sim;3,4;sim;0;2;68,0;não;20,0;não;4,63;;;;;1,0;;;;;
17/01/2018;20,0;sim;25,0;sim;30,0;sim;1,95;sim;0;1;77,0;não;;não;4,21;;;;;1,0;77,0;0,0;1,0;;
16/01/2018;19,0;sim;23,5;sim;28,0;sim;19,88;sim;0;0;84,0;não;;não;3,57;;;;;1,0;87,0;;0,0;;
15/01/2018;18,0;sim;23,0;sim;28,0;sim;2,1;sim;0;1;92,0;não;;não;3,7;;;;;1,0;82,0;0,0;;;
14/01/2018;18,0;sim;23,5;sim;29,0;sim;10,78;sim;0;0;;não;;não;4,09;;;;;;;;;;
13/01/2018;17,0;sim;22,5;sim;28,0;sim;27,93;sim;0;0;84,0;não;;não;3,83;;;;;1,0;98,0;;1,0;;
12/01/2018;17,0;sim;21,5;sim;26,0;sim;19,83;sim;0;0;92,0;não;;não;3,1;;1,0;;;1,0;99,0;32,0;1,0;;
11/01/2018;17,0;sim;23,0;sim;29,0;sim;21,9;sim;0;0;75,0;não;;não;4,24;;;;;;94,0;;1,0;;
10/01/2018;19,0;sim;24,5;sim;30,0;sim;1,53;sim;0;2;75,0;não;19,0;não;4,38;;;;;;88,0;0,0;1,0;;
09/01/2018;21,0;não;23,5;sim;26,0;sim;3,58;sim;0;1;91,0;não;;não;2,67;;;;;1,0;90,0;;;;
08/01/2018;18,0;sim;20,0;sim;22,0;sim;17,65;sim;0;0;;não;;não;1,81;;;;;1,0;96,0;0,0;1,0;;
07/01/2018;17,0;sim;20,0;sim;23,0;sim;6,6;sim;0;4;;não;;não;2,17;;;;;;;;;;
06/01/2018;19,0;sim;23,0;sim;27,0;sim;4,15;sim;0;3;99,0;não;;não;3,23;;;;;1,0;;0,0;;;
05/01/2018;19,0;sim;24,5;sim;30,0;sim;0,13;sim;2;2;80,0;não;;não;4,39;;;;;1,0;76,0;0,0;1,0;;
04/01/2018;18,0;sim;23,5;sim;29,0;sim;0,0;sim;1;1;73,0;não;;não;4,12;;9,0;;;1,0;68,0;;0,0;;
03/01/2018;19,0;sim;21,5;sim;24,0;sim;11,68;sim;0;0;100,0;não;;não;2,27;;;;;;97,0;;0,0;;
02/01/2018;19,0;sim;22,5;sim;26,0;sim;6,65;sim;0;2;100,0;não;;não;2,9;;;;;;92,0;;1,0;;
01/01/2018;18,0;sim;23,0;sim;28,0;sim;0,13;sim;1;1;;não;;não;3,73;;;;;;;;;;
